Region,SbWtrshd,Site_ID,Date,Site_Visit,O,H,Opm,Hpm,P(18O),P(2H),Ps(18O),Ps(2H),18O_snow,2H_snow,18O_rain,2H_rain
Grassland,05BN,152,01-May-15,1,-5.643127,-86.115065,-0.00564,-0.086115065,-0.017808333,-0.137916667,-0.01245,-0.09725,-23.16666667,-178.345,-12.45,-91.2185
Grassland,05BN,153,01-May-15,1,-7.59502,-98.245374,-0.0076,-0.098245374,-0.018033333,-0.140083333,-0.01265,-0.09925,-23.16666667,-178.345,-12.65,-92.8445
Grassland,05BN,153,12-May-15,2,-4.527548,-82.91617,-0.00453,-0.08291617,-0.018033333,-0.140083333,-0.01265,-0.09925,-23.16666667,-178.345,-12.65,-92.8445
Grassland,05BN,173,01-May-15,1,-9.570106,-101.670211,-0.00957,-0.101670211,-0.017658333,-0.1375,-0.012325,-0.09725,-23.3,-179.429,-12.325,-90.20225
Grassland,05BN,173,23-May-15,2,-3.419488,-71.338266,-0.00342,-0.071338266,-0.017658333,-0.1375,-0.012325,-0.09725,-23.3,-179.429,-12.325,-90.20225
Grassland,05BN,173,13-Jun-15,3,-1.22435,-59.814031,-0.00122,-0.059814031,-0.017658333,-0.1375,-0.012325,-0.09725,-23.3,-179.429,-12.325,-90.20225
Grassland,05BN,173,28-Jun-15,4,5.126686,-38.057532,0.00513,-0.038057532,-0.017658333,-0.1375,-0.012325,-0.09725,-23.3,-179.429,-12.325,-90.20225
Grassland,05BN,202,02-May-15,1,-7.92166,-96.326846,-0.00792,-0.096326846,-0.017916667,-0.13975,-0.01265,-0.0995,-23.3,-179.429,-12.65,-92.8445
Grassland,05BN,202,12-May-15,2,-2.994967,-71.991736,-0.00299,-0.071991736,-0.017916667,-0.13975,-0.01265,-0.0995,-23.06666667,-177.532,-12.65,-92.8445
Grassland,05CG,131,08-May-15,1,-7.390795,-97.706889,-0.00739,-0.097706889,-0.018708333,-0.14475,-0.01335,-0.10375,-23.06666667,-177.532,-13.35,-98.5355
Grassland,05CG,142,08-May-15,1,-12.397644,-116.346528,-0.0124,-0.116346528,-0.019033333,-0.147166667,-0.013575,-0.1055,-23.06666667,-177.532,-13.575,-100.36475
Grassland,05CG,142,20-May-15,2,-10.919212,-107.094124,-0.01092,-0.107094124,-0.019033333,-0.147166667,-0.013575,-0.1055,-23.06666667,-177.532,-13.575,-100.36475
Grassland,05CG,145,08-May-15,1,-14.026239,-114.346727,-0.01403,-0.114346727,-0.019041667,-0.14725,-0.0136,-0.1055,-23,-176.99,-13.6,-100.568
Grassland,05CG,145,20-May-15,2,-12.468296,-106.762034,-0.01247,-0.106762034,-0.019041667,-0.14725,-0.0136,-0.1055,-23,-176.99,-13.6,-100.568
Grassland,05CG,145,14-Jun-15,3,-9.108451,-92.463809,-0.00911,-0.092463809,-0.019041667,-0.14725,-0.0136,-0.1055,-23,-176.99,-13.6,-100.568
Grassland,05CG,145,30-Jun-15,4,-7.052488,-82.960054,-0.00705,-0.082960054,-0.019041667,-0.14725,-0.0136,-0.1055,-23,-176.99,-13.6,-100.568
Grassland,05CG,184,08-May-15,1,-10.431958,-111.086969,-0.01043,-0.111086969,-0.018866667,-0.146083333,-0.01355,-0.10525,-22.96666667,-176.719,-13.55,-100.1615
Grassland,05CG,184,20-May-15,2,-6.679634,-91.210397,-0.00668,-0.091210397,-0.018866667,-0.146083333,-0.01355,-0.10525,-22.96666667,-176.719,-13.55,-100.1615
Grassland,05CG,308,07-May-15,1,-9.830948,-104.495252,-0.00983,-0.104495252,-0.018983333,-0.1465,-0.0135,-0.1045,-22.96666667,-176.719,-13.5,-99.755
Grassland,05CG,308,20-May-15,2,-5.134009,-81.24204,-0.00513,-0.08124204,-0.018983333,-0.1465,-0.0135,-0.1045,-22.96666667,-176.719,-13.5,-99.755
Grassland,05CG,312,08-May-15,1,-11.21,-111.73175,-0.01121,-0.11173175,-0.01895,-0.146333333,-0.013475,-0.1045,-22.96666667,-176.719,-13.475,-99.55175
Grassland,05CG,312,20-May-15,2,-7.893964,-96.462272,-0.00789,-0.096462272,-0.01895,-0.146333333,-0.013475,-0.1045,-22.96666667,-176.719,-13.475,-99.55175
Grassland,05CG,345,08-May-15,1,-7.465322,-94.839631,-0.00747,-0.094839631,-0.018616667,-0.144083333,-0.013225,-0.103,-22.96666667,-176.719,-13.225,-97.51925
Grassland,05CG,345,19-May-15,2,-3.822555,-74.705891,-0.00382,-0.074705891,-0.018616667,-0.144083333,-0.013225,-0.103,-22.96666667,-176.719,-13.225,-97.51925
Grassland,05CG,346,06-May-15,1,-11.64426,-115.097684,-0.01164,-0.115097684,-0.018775,-0.145166667,-0.013375,-0.10375,-22.96666667,-176.719,-13.375,-98.73875
Grassland,05CG,346,19-May-15,2,-7.712832,-96.000898,-0.00771,-0.096000898,-0.018775,-0.145166667,-0.013375,-0.10375,-23.16666667,-178.345,-13.375,-98.73875
Grassland,05CG,366,06-May-15,1,-6.433195,-86.073791,-0.00643,-0.086073791,-0.018825,-0.145583333,-0.013425,-0.1045,-23.16666667,-178.345,-13.425,-99.14525
Grassland,05CG,379,05-May-15,1,-7.582892,-93.556232,-0.00758,-0.093556232,-0.018983333,-0.146583333,-0.0135,-0.1045,-23.16666667,-178.345,-13.5,-99.755
Grassland,05CG,379,16-May-15,2,-3.384603,-69.40712,-0.00338,-0.06940712,-0.018983333,-0.146583333,-0.0135,-0.1045,-23.16666667,-178.345,-13.5,-99.755
Grassland,05CH,101,03-May-15,1,-11.880608,-120.218723,-0.01188,-0.120218723,-0.018483333,-0.142916667,-0.013,-0.10125,-23.16666667,-178.345,-13,-95.69
Grassland,05CH,101,22-May-15,2,-5.786482,-91.78466,-0.00579,-0.09178466,-0.018483333,-0.142916667,-0.013,-0.10125,-23.06666667,-177.532,-13,-95.69
Grassland,05CH,101,14-Jun-15,3,-3.316837,-76.519474,-0.00332,-0.076519474,-0.018483333,-0.142916667,-0.013,-0.10125,-23.06666667,-177.532,-13,-95.69
Grassland,05CH,109,02-May-15,1,-9.046355,-103.081727,-0.00905,-0.103081727,-0.018425,-0.142666667,-0.013075,-0.10175,-24.1,-185.933,-13.075,-96.29975
Grassland,05CH,109,14-May-15,2,-3.413852,-76.902393,-0.00341,-0.076902393,-0.018425,-0.142666667,-0.013075,-0.10175,-24.1,-185.933,-13.075,-96.29975
Grassland,05CH,110,04-May-15,1,-11.343893,-108.828268,-0.01134,-0.108828268,-0.018825,-0.145583333,-0.0133,-0.10325,-24.1,-185.933,-13.3,-98.129
Grassland,05CH,110,21-May-15,2,-7.175833,-90.10895,-0.00718,-0.09010895,-0.018825,-0.145583333,-0.0133,-0.10325,-24.1,-185.933,-13.3,-98.129
Grassland,05CH,110,15-Jun-15,3,-3.804131,-72.64803,-0.0038,-0.07264803,-0.018825,-0.145583333,-0.0133,-0.10325,-24.1,-185.933,-13.3,-98.129
Grassland,05CH,110,30-Jun-15,4,-1.968324,-63.336815,-0.00197,-0.063336815,-0.018825,-0.145583333,-0.0133,-0.10325,-23.76666667,-183.223,-13.3,-98.129
Grassland,05CH,110,30-Jul-15,5,-1.705658,-58.270799,-0.00171,-0.058270799,-0.018825,-0.145583333,-0.0133,-0.10325,-23.76666667,-183.223,-13.3,-98.129
Grassland,05CH,115,04-May-15,1,-11.729615,-114.171441,-0.01173,-0.114171441,-0.018808333,-0.145,-0.013225,-0.1025,-23.76666667,-183.223,-13.225,-97.51925
Grassland,05CH,115,21-May-15,2,-8.046197,-93.731002,-0.00805,-0.093731002,-0.018808333,-0.145,-0.013225,-0.1025,-23.76666667,-183.223,-13.225,-97.51925
Grassland,05CH,115,15-Jun-15,3,-2.687347,-68.521119,-0.00269,-0.068521119,-0.018808333,-0.145,-0.013225,-0.1025,-24.16666667,-186.475,-13.225,-97.51925
Grassland,05CH,115,30-Jun-15,4,-1.91879,-61.950141,-0.00192,-0.061950141,-0.018808333,-0.145,-0.013225,-0.1025,-24.16666667,-186.475,-13.225,-97.51925
Grassland,05CH,336,02-May-15,1,-9.743463,-107.836421,-0.00974,-0.107836421,-0.018383333,-0.141916667,-0.012925,-0.10025,-24.16666667,-186.475,-12.925,-95.08025
Grassland,05CH,336,14-May-15,2,-4.849911,-84.80797,-0.00485,-0.08480797,-0.018383333,-0.141916667,-0.012925,-0.10025,-24.16666667,-186.475,-12.925,-95.08025
Grassland,05CH,338,03-May-15,1,-9.974954,-104.265234,-0.00997,-0.104265234,-0.018641667,-0.144166667,-0.0132,-0.10225,-24.2,-186.746,-13.2,-97.316
Grassland,05CH,338,19-May-15,2,-6.656092,-84.98633,-0.00666,-0.08498633,-0.018641667,-0.144166667,-0.0132,-0.10225,-24.2,-186.746,-13.2,-97.316
Grassland,05CH,360,04-May-15,1,-8.558337,-101.63124,-0.00856,-0.10163124,-0.018991667,-0.1465,-0.013475,-0.10425,-24.2,-186.746,-13.475,-99.55175
Grassland,05CH,360,21-May-15,2,-2.314527,-68.432746,-0.00231,-0.068432746,-0.018991667,-0.1465,-0.013475,-0.10425,-24.2,-186.746,-13.475,-99.55175
Grassland,05CH,375,02-May-15,1,-8.15313,-101.748111,-0.00815,-0.101748111,-0.018458333,-0.142666667,-0.013025,-0.1015,-24.2,-186.746,-13.025,-95.89325
Grassland,05CH,375,22-May-15,2,1.675526,-54.570973,0.00168,-0.054570973,-0.018458333,-0.142666667,-0.013025,-0.1015,-24.26666667,-187.288,-13.025,-95.89325
Grassland,05CH,384,03-May-15,1,-6.742646,-89.27864,-0.00674,-0.08927864,-0.018633333,-0.143916667,-0.0132,-0.10225,-24.26666667,-187.288,-13.2,-97.316
Grassland,05CH,388,03-May-15,1,-12.167836,-117.090686,-0.01217,-0.117090686,-0.018425,-0.1425,-0.013,-0.10125,-24.26666667,-187.288,-13,-95.69
Grassland,05CH,388,22-May-15,2,-6.927413,-93.226354,-0.00693,-0.093226354,-0.018425,-0.1425,-0.013,-0.10125,-24.26666667,-187.288,-13,-95.69
Grassland,05CH,388,14-Jun-15,3,-3.439647,-75.228141,-0.00344,-0.075228141,-0.018425,-0.1425,-0.013,-0.10125,-24.26666667,-187.288,-13,-95.69
Grassland,05CH,388,29-Jun-15,4,-1.046841,-62.160273,-0.00105,-0.062160273,-0.018425,-0.1425,-0.013,-0.10125,-24.3,-187.559,-13,-95.69
Parkland,05CD,67,04-May-15,1,-14.669305,-131.352941,-0.01467,-0.131352941,-0.0191,-0.147583333,-0.01355,-0.10475,-24.3,-187.559,-13.55,-100.1615
Parkland,05CD,67,20-May-15,2,-10.407459,-108.991702,-0.01041,-0.108991702,-0.0191,-0.147583333,-0.01355,-0.10475,-24.3,-187.559,-13.55,-100.1615
Parkland,05CD,90,04-May-15,1,-16.234137,-141.910705,-0.01623,-0.141910705,-0.019125,-0.14775,-0.013625,-0.10525,-24.3,-187.559,-13.625,-100.77125
Parkland,05CD,90,20-May-15,2,-13.593343,-127.637161,-0.01359,-0.127637161,-0.019125,-0.14775,-0.013625,-0.10525,-24.3,-187.559,-13.625,-100.77125
Parkland,05CD,90,16-Jun-15,3,-8.24575,-100.618109,-0.00825,-0.100618109,-0.019125,-0.14775,-0.013625,-0.10525,-24.4,-188.372,-13.625,-100.77125
Parkland,05CD,90,27-Jun-15,4,-6.686003,-92.407139,-0.00669,-0.092407139,-0.019125,-0.14775,-0.013625,-0.10525,-24.4,-188.372,-13.625,-100.77125
Parkland,05CD,90,24-Jul-15,5,-9.948575,-97.447225,-0.00995,-0.097447225,-0.019125,-0.14775,-0.013625,-0.10525,-24.4,-188.372,-13.625,-100.77125
Parkland,05CD,195,03-May-15,1,-12.052721,-117.611973,-0.01205,-0.117611973,-0.019241667,-0.1485,-0.013725,-0.106,-24.4,-188.372,-13.725,-101.58425
Parkland,05CD,195,20-May-15,2,-6.282048,-93.40781,-0.00628,-0.09340781,-0.019241667,-0.1485,-0.013725,-0.106,-24.4,-188.372,-13.725,-101.58425
Parkland,05CD,195,16-Jun-15,3,-6.652691,-80.063826,-0.00665,-0.080063826,-0.019241667,-0.1485,-0.013725,-0.106,-23.83333333,-183.765,-13.725,-101.58425
Parkland,05CD,195,27-Jun-15,4,-5.318088,-80.253335,-0.00532,-0.080253335,-0.019241667,-0.1485,-0.013725,-0.106,-23.83333333,-183.765,-13.725,-101.58425
Parkland,05CD,195,27-Jul-15,5,-13.004156,-110.08024,-0.013,-0.11008024,-0.019241667,-0.1485,-0.013725,-0.106,-23.83333333,-183.765,-13.725,-101.58425
Parkland,05CD,301,07-May-15,1,-7.968856,-96.878368,-0.00797,-0.096878368,-0.019183333,-0.148333333,-0.0138,-0.10675,-23.83333333,-183.765,-13.8,-102.194
Parkland,05CD,301,19-May-15,2,-2.925723,-71.674903,-0.00293,-0.071674903,-0.019183333,-0.148333333,-0.0138,-0.10675,-23.83333333,-183.765,-13.8,-102.194
Parkland,05CD,377,04-May-15,1,-13.365713,-128.962133,-0.01337,-0.128962133,-0.019075,-0.147416667,-0.01355,-0.10475,-24.56666667,-189.727,-13.55,-100.1615
Parkland,05CD,377,20-May-15,2,-8.65773,-102.867822,-0.00866,-0.102867822,-0.019075,-0.147416667,-0.01355,-0.10475,-24.56666667,-189.727,-13.55,-100.1615
Parkland,05CD,395,07-May-15,1,-13.919783,-132.213812,-0.01392,-0.132213812,-0.019175,-0.148083333,-0.013775,-0.10625,-24.56666667,-189.727,-13.775,-101.99075
Parkland,05CD,395,19-May-15,2,-11.606265,-118.802747,-0.01161,-0.118802747,-0.019175,-0.148083333,-0.013775,-0.10625,-24.56666667,-189.727,-13.775,-101.99075
Parkland,05CD,395,17-Jun-15,3,-4.80027,-80.17741,-0.0048,-0.08017741,-0.019175,-0.148083333,-0.013775,-0.10625,-24.56666667,-189.727,-13.775,-101.99075
Parkland,05CD,Rum4,09-May-15,1,-13.9602,-126.91014,-0.01396,-0.12691014,-0.019116667,-0.147833333,-0.013675,-0.10625,-23.76666667,-183.223,-13.675,-101.17775
Parkland,05CD,Rum4,19-May-15,2,-11.429355,-116.661907,-0.01143,-0.116661907,-0.019116667,-0.147833333,-0.013675,-0.10625,-23.76666667,-183.223,-13.675,-101.17775
Parkland,05CD,Rum4,17-Jun-15,3,-7.749274,-95.102728,-0.00775,-0.095102728,-0.019116667,-0.147833333,-0.013675,-0.10625,-23.76666667,-183.223,-13.675,-101.17775
Parkland,05CD,Rum4,27-Jun-15,4,-7.183083,-96.342827,-0.00718,-0.096342827,-0.019116667,-0.147833333,-0.013675,-0.10625,-23.76666667,-183.223,-13.675,-101.17775
Parkland,05CD,Rum4,21-Jul-15,5,-11.6933,-104.465698,-0.01169,-0.104465698,-0.019116667,-0.147833333,-0.013675,-0.10625,-23.53333333,-181.326,-13.675,-101.17775
Parkland,05FA,31,03-May-15,1,-15.656514,-127.653592,-0.01566,-0.127653592,-0.01915,-0.147916667,-0.013575,-0.10475,-23.53333333,-181.326,-13.575,-100.36475
Parkland,05FA,31,14-May-15,2,-12.377581,-113.410272,-0.01238,-0.113410272,-0.01915,-0.147916667,-0.013575,-0.10475,-23.53333333,-181.326,-13.575,-100.36475
Parkland,05FA,32,03-May-15,1,-16.211912,-135.672237,-0.01621,-0.135672237,-0.019266667,-0.14875,-0.013775,-0.10625,-23.53333333,-181.326,-13.775,-101.99075
Parkland,05FA,32,21-May-15,2,-12.937603,-118.578289,-0.01294,-0.118578289,-0.019266667,-0.14875,-0.013775,-0.10625,-23.53333333,-181.326,-13.775,-101.99075
Parkland,05FA,56,06-May-15,1,-12.756613,-122.062877,-0.01276,-0.122062877,-0.019041667,-0.147166667,-0.013375,-0.1035,-24.23333333,-187.017,-13.375,-98.73875
Parkland,05FA,56,23-May-15,2,-8.288315,-99.937809,-0.00829,-0.099937809,-0.019041667,-0.147166667,-0.013375,-0.1035,-24.23333333,-187.017,-13.375,-98.73875
Parkland,05FA,190,02-May-15,1,-15.014973,-131.94827,-0.01501,-0.13194827,-0.0191,-0.147666667,-0.013425,-0.10375,-24.23333333,-187.017,-13.425,-99.14525
Parkland,05FA,190,21-May-15,2,-11.691495,-114.907073,-0.01169,-0.114907073,-0.0191,-0.147666667,-0.013425,-0.10375,-24.23333333,-187.017,-13.425,-99.14525
Parkland,05FA,190,14-Jun-15,3,-7.956338,-99.112596,-0.00796,-0.099112596,-0.0191,-0.147666667,-0.013425,-0.10375,-24.23333333,-187.017,-13.425,-99.14525
Parkland,05FA,190,27-Jun-15,4,-4.674817,-87.067512,-0.00467,-0.087067512,-0.0191,-0.147666667,-0.013425,-0.10375,-24.3,-187.559,-13.425,-99.14525
Parkland,05FA,190,01-Aug-15,5,-6.760944,-91.339874,-0.00676,-0.091339874,-0.0191,-0.147666667,-0.013425,-0.10375,-24.3,-187.559,-13.425,-99.14525
Parkland,05FA,317,02-May-15,1,-14.990404,-135.875226,-0.01499,-0.135875226,-0.01915,-0.148083333,-0.01345,-0.10375,-24.3,-187.559,-13.45,-99.3485
Parkland,05FA,317,22-May-15,2,-9.186737,-108.062241,-0.00919,-0.108062241,-0.01915,-0.148083333,-0.01345,-0.10375,-24.3,-187.559,-13.45,-99.3485
Parkland,05FA,333,08-May-15,1,-14.886791,-136.048815,-0.01489,-0.136048815,-0.019208333,-0.148416667,-0.01345,-0.10375,-24.3,-187.559,-13.45,-99.3485
Parkland,05FA,333,23-May-15,2,-10.486686,-112.777003,-0.01049,-0.112777003,-0.019208333,-0.148416667,-0.01345,-0.10375,-23.93333333,-184.578,-13.45,-99.3485
Parkland,05FA,333,14-Jun-15,3,-9.68905,-106.551803,-0.00969,-0.106551803,-0.019208333,-0.148416667,-0.01345,-0.10375,-23.93333333,-184.578,-13.45,-99.3485
Parkland,05FA,333,30-Jul-15,5,-9.590171,-104.292916,-0.00959,-0.104292916,-0.019208333,-0.148416667,-0.01345,-0.10375,-23.93333333,-184.578,-13.45,-99.3485
Parkland,05FA,351,02-May-15,1,-12.79338,-117.403788,-0.01279,-0.117403788,-0.019125,-0.148,-0.013425,-0.10375,-23.93333333,-184.578,-13.425,-99.14525
Parkland,05FA,351,15-May-15,2,-8.718474,-96.409376,-0.00872,-0.096409376,-0.019125,-0.148,-0.013425,-0.10375,-23.93333333,-184.578,-13.425,-99.14525
Parkland,05FA,365,02-May-15,1,-17.557134,-146.955017,-0.01756,-0.146955017,-0.01915,-0.148,-0.0135,-0.10425,-24.56666667,-189.727,-13.5,-99.755
Parkland,05FA,365,21-May-15,2,-14.108893,-129.515096,-0.01411,-0.129515096,-0.01915,-0.148,-0.0135,-0.10425,-24.56666667,-189.727,-13.5,-99.755
Parkland,05FA,365,14-Jun-15,3,-11.072299,-111.4235,-0.01107,-0.1114235,-0.01915,-0.148,-0.0135,-0.10425,-24.56666667,-189.727,-13.5,-99.755
Parkland,05FA,396,01-May-15,1,-18.698605,-149.291404,-0.0187,-0.149291404,-0.019316667,-0.14925,-0.013675,-0.1055,-24.56666667,-189.727,-13.675,-101.17775
Parkland,05FA,396,14-May-15,2,-17.360653,-143.000483,-0.01736,-0.143000483,-0.019316667,-0.14925,-0.013675,-0.1055,-24.56666667,-189.727,-13.675,-101.17775
Parkland,05FA,398,03-May-15,1,-17.60233,-144.347603,-0.0176,-0.144347603,-0.019441667,-0.15,-0.013825,-0.10625,-24.23333333,-187.017,-13.825,-102.39725
Parkland,05FA,398,22-May-15,2,-15.213071,-134.397197,-0.01521,-0.134397197,-0.019441667,-0.15,-0.013825,-0.10625,-24.23333333,-187.017,-13.825,-102.39725
Parkland,05FA,398,13-Jun-15,3,-11.319841,-112.047503,-0.01132,-0.112047503,-0.019441667,-0.15,-0.013825,-0.10625,-24.23333333,-187.017,-13.825,-102.39725
Parkland,05FA,398,27-Jun-15,4,-10.750577,-110.248199,-0.01075,-0.110248199,-0.019441667,-0.15,-0.013825,-0.10625,-24.23333333,-187.017,-13.825,-102.39725
Parkland,05FA,398,17-Jul-15,5,-16.286757,-129.272213,-0.01629,-0.129272213,-0.019441667,-0.15,-0.013825,-0.10625,-24.8,-191.624,-13.825,-102.39725
Parkland,05FC,10,04-May-15,1,-12.593061,-120.170178,-0.01259,-0.120170178,-0.0191,-0.1475,-0.01355,-0.1045,-24.8,-191.624,-13.55,-100.1615
Parkland,05FC,10,20-May-15,2,-10.613996,-109.498487,-0.01061,-0.109498487,-0.0191,-0.1475,-0.01355,-0.1045,-24.8,-191.624,-13.55,-100.1615
Parkland,05FC,10,16-Jun-15,3,-6.532413,-89.254098,-0.00653,-0.089254098,-0.0191,-0.1475,-0.01355,-0.1045,-24.66666667,-190.54,-13.55,-100.1615
Parkland,05FC,10,27-Jun-15,4,-4.407346,-82.356786,-0.00441,-0.082356786,-0.0191,-0.1475,-0.01355,-0.1045,-24.66666667,-190.54,-13.55,-100.1615
Parkland,05FC,10,25-Jul-15,5,-7.399756,-88.005437,-0.0074,-0.088005437,-0.0191,-0.1475,-0.01355,-0.1045,-24.66666667,-190.54,-13.55,-100.1615
Parkland,05FC,13,05-May-15,1,-9.635239,-102.094845,-0.00964,-0.102094845,-0.019091667,-0.147416667,-0.0135,-0.1045,-24.66666667,-190.54,-13.5,-99.755
Parkland,05FC,13,18-May-15,2,-4.833749,-75.219841,-0.00483,-0.075219841,-0.019091667,-0.147416667,-0.0135,-0.1045,-24.66666667,-190.54,-13.5,-99.755
Parkland,05FC,13,05-Aug-15,5,-9.828022,-93.95975,-0.00983,-0.09395975,-0.019091667,-0.147416667,-0.0135,-0.1045,-24.7,-190.811,-13.5,-99.755
Parkland,05FC,18,06-May-15,1,-13.152336,-125.573537,-0.01315,-0.125573537,-0.018991667,-0.146666667,-0.013425,-0.1035,-24.7,-190.811,-13.425,-99.14525
Parkland,05FC,18,25-May-15,2,-10.166941,-112.814852,-0.01017,-0.112814852,-0.018991667,-0.146666667,-0.013425,-0.1035,-24.7,-190.811,-13.425,-99.14525
Parkland,05FC,18,15-Jun-15,3,-7.135059,-91.579244,-0.00714,-0.091579244,-0.018991667,-0.146666667,-0.013425,-0.1035,-24.7,-190.811,-13.425,-99.14525
Parkland,05FC,182,06-May-15,1,-9.473705,-103.270809,-0.00947,-0.103270809,-0.019025,-0.147083333,-0.0134,-0.10375,-24.7,-190.811,-13.4,-98.942
Parkland,05FC,182,17-May-15,2,-4.568992,-74.968254,-0.00457,-0.074968254,-0.019025,-0.147083333,-0.0134,-0.10375,-24.5,-189.185,-13.4,-98.942
Parkland,05FC,321,05-May-15,1,-12.253401,-118.241356,-0.01225,-0.118241356,-0.018958333,-0.146416667,-0.01335,-0.10325,-24.5,-189.185,-13.35,-98.5355
Parkland,05FC,321,26-May-15,2,-4.206693,-81.05671,-0.00421,-0.08105671,-0.018958333,-0.146416667,-0.01335,-0.10325,-24.5,-189.185,-13.35,-98.5355
Parkland,05FC,321,15-Jun-15,3,-4.84,-76.15692,-0.00484,-0.07615692,-0.018958333,-0.146416667,-0.01335,-0.10325,-24.5,-189.185,-13.35,-98.5355
Parkland,05FC,344,09-May-15,1,-13.08617,-120.000564,-0.01309,-0.120000564,-0.019133333,-0.147916667,-0.013675,-0.1055,-24.5,-189.185,-13.675,-101.17775
Parkland,05FC,344,19-May-15,2,-11.778823,-112.77404,-0.01178,-0.11277404,-0.019133333,-0.147916667,-0.013675,-0.1055,-24.66666667,-190.54,-13.675,-101.17775
Parkland,05FC,344,17-Jun-15,3,-8.018914,-96.332891,-0.00802,-0.096332891,-0.019133333,-0.147916667,-0.013675,-0.1055,-24.66666667,-190.54,-13.675,-101.17775
Parkland,05FC,344,27-Jun-15,4,-7.717735,-93.37525,-0.00772,-0.09337525,-0.019133333,-0.147916667,-0.013675,-0.1055,-24.66666667,-190.54,-13.675,-101.17775
Parkland,05FC,344,22-Jul-15,5,-7.67147,-88.90652,-0.00767,-0.08890652,-0.019133333,-0.147916667,-0.013675,-0.1055,-24.66666667,-190.54,-13.675,-101.17775
Parkland,05FC,368,05-May-15,1,-14.75,-130.481664,-0.01475,-0.130481664,-0.018966667,-0.146416667,-0.01325,-0.10275,-24.86666667,-192.166,-13.25,-97.7225
Parkland,05FC,368,26-May-15,2,-11.66682,-118.298082,-0.01167,-0.118298082,-0.018966667,-0.146416667,-0.01325,-0.10275,-24.86666667,-192.166,-13.25,-97.7225
Parkland,05FC,368,15-Jun-15,3,-10.721528,-109.742446,-0.01072,-0.109742446,-0.018966667,-0.146416667,-0.01325,-0.10275,-24.86666667,-192.166,-13.25,-97.7225
Parkland,05FC,368,27-Jun-15,4,-11.003863,-108.237109,-0.011,-0.108237109,-0.018966667,-0.146416667,-0.01325,-0.10275,-24.36666667,-188.101,-13.25,-97.7225
Parkland,05FC,368,05-Aug-15,5,-9.477936,-92.071321,-0.00948,-0.092071321,-0.018966667,-0.146416667,-0.01325,-0.10275,-24.36666667,-188.101,-13.25,-97.7225
,Restored,Baron-01,05-May-15,1,-10.52533,-112.325527,-0.01053,-0.112325527,-0.019116667,-0.147666667,-0.01355,-0.10475,-24.36666667,-188.101,-13.55,-100.1615
,Restored,Baron-01,20-May-15,2,-6.933024,-93.94986,-0.00693,-0.09394986,-0.019116667,-0.147666667,-0.01355,-0.10475,-24.36666667,-188.101,-13.55,-100.1615
,Restored,Beltz-03,06-May-15,1,-14.756691,-131.658249,-0.01476,-0.131658249,-0.019166667,-0.148,-0.01365,-0.1055,-24.36666667,-188.101,-13.65,-100.9745
,Restored,Beltz-03,26-May-15,2,-11.782531,-116.43256,-0.01178,-0.11643256,-0.019166667,-0.148,-0.01365,-0.1055,-24.36666667,-188.101,-13.65,-100.9745
,Restored,Beltz-03,18-Jun-15,3,-9.432393,-106.363457,-0.00943,-0.106363457,-0.019166667,-0.148,-0.01365,-0.1055,-24.36666667,-188.101,-13.65,-100.9745
,Restored,Beltz-03,24-Jun-15,4,-8.668807,-104.510257,-0.00867,-0.104510257,-0.019166667,-0.148,-0.01365,-0.1055,-24.36666667,-188.101,-13.65,-100.9745
,Restored,Beltz-03,23-Jul-15,5,-7.50566,-93.874688,-0.00751,-0.093874688,-0.019166667,-0.148,-0.01365,-0.1055,-24.36666667,-188.101,-13.65,-100.9745
,Restored,Bergq-07,01-May-15,1,-14.635685,-130.26451,-0.01464,-0.13026451,-0.019125,-0.148,-0.013425,-0.10375,-24.36666667,-188.101,-13.425,-99.14525
,Restored,Bergq-07,23-May-15,2,-10.819844,-110.590622,-0.01082,-0.110590622,-0.019125,-0.148,-0.013425,-0.10375,-24.86666667,-192.166,-13.425,-99.14525
,Restored,Bergq-07,14-Jun-15,3,-7.225893,-92.8816,-0.00723,-0.0928816,-0.019125,-0.148,-0.013425,-0.10375,-24.86666667,-192.166,-13.425,-99.14525
,Restored,Bergq-07,27-Jun-15,4,-5.15747,-84.060731,-0.00516,-0.084060731,-0.019125,-0.148,-0.013425,-0.10375,-24.86666667,-192.166,-13.425,-99.14525
,Restored,Bergq-07,07-Aug-15,5,-5.466666,-80.547025,-0.00547,-0.080547025,-0.019125,-0.148,-0.013425,-0.10375,-24.86666667,-192.166,-13.425,-99.14525
,Restored,Busen-01,01-May-15,1,-16.186251,-139.729701,-0.01619,-0.139729701,-0.01915,-0.148083333,-0.01345,-0.10375,-24.76666667,-191.353,-13.45,-99.3485
,Restored,Busen-01,24-May-15,2,-10.268136,-114.213271,-0.01027,-0.114213271,-0.01915,-0.148083333,-0.01345,-0.10375,-24.76666667,-191.353,-13.45,-99.3485
,Restored,Caine-01,04-May-15,1,-12.27786,-121.03987,-0.01228,-0.12103987,-0.019125,-0.147833333,-0.01355,-0.10475,-24.76666667,-191.353,-13.55,-100.1615
,Restored,Caine-01,21-May-15,2,-8.400725,-102.393204,-0.0084,-0.102393204,-0.019125,-0.147833333,-0.01355,-0.10475,-24.76666667,-191.353,-13.55,-100.1615
,Restored,Colli-02,07-May-15,1,-15.260564,-133.915088,-0.01526,-0.133915088,-0.01925,-0.14875,-0.013875,-0.10725,-25.1,-194.063,-13.875,-102.80375
,Restored,Colli-02,25-May-15,2,-11.3797,-112.546985,-0.01138,-0.112546985,-0.01925,-0.14875,-0.013875,-0.10725,-25.1,-194.063,-13.875,-102.80375
,Restored,Colli-02,17-Jun-15,3,-6.622346,-88.302746,-0.00662,-0.088302746,-0.01925,-0.14875,-0.013875,-0.10725,-25.03333333,-193.521,-13.875,-102.80375
,Restored,Colli-02,23-Jun-15,4,-4.499448,-85.852678,-0.0045,-0.085852678,-0.01925,-0.14875,-0.013875,-0.10725,-25.03333333,-193.521,-13.875,-102.80375
,Restored,Forbs-10,02-May-15,1,-13.505779,-130.467108,-0.01351,-0.130467108,-0.019108333,-0.147666667,-0.01345,-0.10375,-25.03333333,-193.521,-13.45,-99.3485
,Restored,Forbs-10,23-May-15,2,-8.626932,-104.227864,-0.00863,-0.104227864,-0.019108333,-0.147666667,-0.01345,-0.10375,-25.03333333,-193.521,-13.45,-99.3485
,Restored,Forbs-10,13-Jun-15,3,-4.03863,-78.638834,-0.00404,-0.078638834,-0.019108333,-0.147666667,-0.01345,-0.10375,-25.03333333,-193.521,-13.45,-99.3485
,Restored,Gilbe-02,05-May-15,1,-15.859596,-133.20263,-0.01586,-0.13320263,-0.0191,-0.147666667,-0.01355,-0.10475,-25.2,-194.876,-13.55,-100.1615
,Restored,Gilbe-02,20-May-15,2,-13.906555,-124.25136,-0.01391,-0.12425136,-0.0191,-0.147666667,-0.01355,-0.10475,-25.2,-194.876,-13.55,-100.1615
,Restored,Gilbe-02,17-Jun-15,3,-10.888147,-108.704407,-0.01089,-0.108704407,-0.0191,-0.147666667,-0.01355,-0.10475,-25.2,-194.876,-13.55,-100.1615
,Restored,Gilbe-02,25-Jun-15,4,-9.784391,-106.043686,-0.00978,-0.106043686,-0.0191,-0.147666667,-0.01355,-0.10475,-25.2,-194.876,-13.55,-100.1615
,Restored,Gilbe-02,21-Jul-15,5,-8.801303,-97.133728,-0.0088,-0.097133728,-0.0191,-0.147666667,-0.01355,-0.10475,-25.2,-194.876,-13.55,-100.1615
,Restored,Grand-06,05-May-15,1,-13.647199,-123.45265,-0.01365,-0.12345265,-0.019108333,-0.147583333,-0.013625,-0.10525,-25.13333333,-194.334,-13.625,-100.77125
,Restored,Grand-06,26-May-15,2,-10.53871,-109.931044,-0.01054,-0.109931044,-0.019108333,-0.147583333,-0.013625,-0.10525,-25.13333333,-194.334,-13.625,-100.77125
,Restored,Grand-06,20-Jun-15,3,-8.644071,-99.290477,-0.00864,-0.099290477,-0.019108333,-0.147583333,-0.013625,-0.10525,-25.13333333,-194.334,-13.625,-100.77125
,Restored,Grand-06,24-Jun-15,4,-7.728022,-97.115177,-0.00773,-0.097115177,-0.019108333,-0.147583333,-0.013625,-0.10525,-25.13333333,-194.334,-13.625,-100.77125
,Restored,Grand-06,25-Jul-15,5,-6.953531,-89.667044,-0.00695,-0.089667044,-0.019108333,-0.147583333,-0.013625,-0.10525,-24.76666667,-191.353,-13.625,-100.77125
,Restored,Green-03,04-May-15,1,-13.870916,-127.272246,-0.01387,-0.127272246,-0.0191,-0.147416667,-0.01355,-0.1045,-24.76666667,-191.353,-13.55,-100.1615
,Restored,Green-03,21-May-15,2,-10.445486,-110.492561,-0.01045,-0.110492561,-0.0191,-0.147416667,-0.01355,-0.1045,-24.76666667,-191.353,-13.55,-100.1615
,Restored,Green-03,20-Jun-15,3,-5.29585,-86.122823,-0.0053,-0.086122823,-0.0191,-0.147416667,-0.01355,-0.1045,-24.76666667,-191.353,-13.55,-100.1615
,Restored,Green-03,25-Jun-15,4,-4.07612,-81.826257,-0.00408,-0.081826257,-0.0191,-0.147416667,-0.01355,-0.1045,-24.76666667,-191.353,-13.55,-100.1615
,Restored,Green-03,24-Jul-15,5,-9.044637,-97.359769,-0.00904,-0.097359769,-0.0191,-0.147416667,-0.01355,-0.1045,-25.43333333,-196.773,-13.55,-100.1615
,Restored,Heber-03,05-May-15,1,-10.041561,-108.829453,-0.01004,-0.108829453,-0.019108333,-0.147666667,-0.013625,-0.10525,-25.43333333,-196.773,-13.625,-100.77125
,Restored,Heber-03,26-May-15,2,-4.786566,-82.268539,-0.00479,-0.082268539,-0.019108333,-0.147666667,-0.013625,-0.10525,-25.43333333,-196.773,-13.625,-100.77125
,Restored,Heber-03,16-Jun-15,3,-3.032692,-72.817803,-0.00303,-0.072817803,-0.019108333,-0.147666667,-0.013625,-0.10525,-25.43333333,-196.773,-13.625,-100.77125
,Restored,Heber-03,24-Jun-15,4,-2.300105,-69.267176,-0.0023,-0.069267176,-0.019108333,-0.147666667,-0.013625,-0.10525,-25.43333333,-196.773,-13.625,-100.77125
,Restored,Heber-03,29-Jul-15,5,-4.114402,-74.070396,-0.00411,-0.074070396,-0.019108333,-0.147666667,-0.013625,-0.10525,-24.8,-191.624,-13.625,-100.77125
,Restored,Hille-03,04-May-15,1,-11.883551,-111.851241,-0.01188,-0.111851241,-0.0191,-0.147666667,-0.01355,-0.10475,-24.8,-191.624,-13.55,-100.1615
,Restored,Hille-03,20-May-15,2,-9.941184,-103.774369,-0.00994,-0.103774369,-0.0191,-0.147666667,-0.01355,-0.10475,-24.8,-191.624,-13.55,-100.1615
,Restored,Hille-03,missing,3,-7.502151,-90.189489,-0.0075,-0.090189489,-0.0191,-0.147666667,-0.01355,-0.10475,-24.8,-191.624,-13.55,-100.1615
,Restored,Hille-03,25-Jun-15,4,-6.523115,-88.412935,-0.00652,-0.088412935,-0.0191,-0.147666667,-0.01355,-0.10475,-24.8,-191.624,-13.55,-100.1615
,Restored,Hille-03,20-Jul-15,5,-6.226984,-83.94628,-0.00623,-0.08394628,-0.0191,-0.147666667,-0.01355,-0.10475,-24.8,-191.624,-13.55,-100.1615
,Restored,Holt-04,03-May-15,1,-16.056269,-139.503067,-0.01606,-0.139503067,-0.019141667,-0.147833333,-0.01355,-0.10425,-24.8,-191.624,-13.55,-100.1615
,Restored,Holt-04,27-May-15,2,-11.696256,-118.087204,-0.0117,-0.118087204,-0.019141667,-0.147833333,-0.01355,-0.10425,-24.8,-191.624,-13.55,-100.1615
,Restored,Holt-04,16-Jun-15,3,-8.852908,-102.072097,-0.00885,-0.102072097,-0.019141667,-0.147833333,-0.01355,-0.10425,-24.8,-191.624,-13.55,-100.1615
,Restored,Holt-04,26-Jun-15,4,-7.927991,-97.818402,-0.00793,-0.097818402,-0.019141667,-0.147833333,-0.01355,-0.10425,-24.8,-191.624,-13.55,-100.1615
,Restored,Holt-04,27-Jul-15,5,-9.018702,-98.104256,-0.00902,-0.098104256,-0.019141667,-0.147833333,-0.01355,-0.10425,-24.8,-191.624,-13.55,-100.1615
,Restored,Hwy53-02,04-May-15,1,-10.121178,-105.7258,-0.01012,-0.1057258,-0.019108333,-0.147666667,-0.01355,-0.10475,-24.76666667,-191.353,-13.55,-100.1615
,Restored,Hwy53-02,21-May-15,2,-8.625276,-97.634463,-0.00863,-0.097634463,-0.019108333,-0.147666667,-0.01355,-0.10475,-24.76666667,-191.353,-13.55,-100.1615
,Restored,Hwy53-02,18-Jun-15,3,-7.024909,-87.378391,-0.00702,-0.087378391,-0.019108333,-0.147666667,-0.01355,-0.10475,-24.76666667,-191.353,-13.55,-100.1615
,Restored,Hwy53-02,25-Jun-15,4,-6.440565,-86.870709,-0.00644,-0.086870709,-0.019108333,-0.147666667,-0.01355,-0.10475,-24.76666667,-191.353,-13.55,-100.1615
,Restored,Hwy53-02,04-Aug-15,5,-5.617942,-81.849426,-0.00562,-0.081849426,-0.019108333,-0.147666667,-0.01355,-0.10475,-24.76666667,-191.353,-13.55,-100.1615
,Restored,Kerbe-02,06-May-15,1,-12.326681,-116.478018,-0.01233,-0.116478018,-0.019225,-0.1485,-0.013775,-0.1065,-24.73333333,-191.082,-13.775,-101.99075
,Restored,Kerbe-02,25-May-15,2,-10.565945,-107.584336,-0.01057,-0.107584336,-0.019225,-0.1485,-0.013775,-0.1065,-24.73333333,-191.082,-13.775,-101.99075
,Restored,Kerbe-02,16-Jun-15,3,-8.869848,-98.813169,-0.00887,-0.098813169,-0.019225,-0.1485,-0.013775,-0.1065,-24.73333333,-191.082,-13.775,-101.99075
,Restored,Kerbe-02,24-Jun-15,4,-7.223714,-95.688764,-0.00722,-0.095688764,-0.019225,-0.1485,-0.013775,-0.1065,-24.73333333,-191.082,-13.775,-101.99075
,Restored,Kerbe-02,23-Jul-15,5,-7.300255,-91.164563,-0.0073,-0.091164563,-0.019225,-0.1485,-0.013775,-0.1065,-24.93333333,-192.708,-13.775,-101.99075
,Restored,Kinvi-03,06-May-15,1,-9.440466,-101.25752,-0.00944,-0.10125752,-0.019283333,-0.148916667,-0.0139,-0.1075,-24.93333333,-192.708,-13.9,-103.007
,Restored,Kinvi-03,25-May-15,2,-7.448828,-93.035126,-0.00745,-0.093035126,-0.019283333,-0.148916667,-0.0139,-0.1075,-24.93333333,-192.708,-13.9,-103.007
,Restored,Kinvi-03,17-Jun-15,3,-5.653721,-84.276599,-0.00565,-0.084276599,-0.019283333,-0.148916667,-0.0139,-0.1075,-24.93333333,-192.708,-13.9,-103.007
,Restored,Kinvi-03,23-Jun-15,4,-5.357535,-84.565947,-0.00536,-0.084565947,-0.019283333,-0.148916667,-0.0139,-0.1075,-24.93333333,-192.708,-13.9,-103.007
,Restored,Kinvi-03,28-Jul-15,5,-5.116331,-80.718822,-0.00512,-0.080718822,-0.019283333,-0.148916667,-0.0139,-0.1075,-24.93333333,-192.708,-13.9,-103.007
,Restored,Kinvi-06,06-May-15,1,-10.478092,-108.421233,-0.01048,-0.108421233,-0.019275,-0.148916667,-0.0139,-0.1075,-24.93333333,-192.708,-13.9,-103.007
,Restored,Kinvi-06,25-May-15,2,-8.44426,-97.523218,-0.00844,-0.097523218,-0.019275,-0.148916667,-0.0139,-0.1075,-24.93333333,-192.708,-13.9,-103.007
,Restored,Kinvi-06,17-Jun-15,3,-6.406038,-88.052076,-0.00641,-0.088052076,-0.019275,-0.148916667,-0.0139,-0.1075,-24.93333333,-192.708,-13.9,-103.007
,Restored,Kinvi-06,23-Jun-15,4,-7.591215,-92.271934,-0.00759,-0.092271934,-0.019275,-0.148916667,-0.0139,-0.1075,-24.8,-191.624,-13.9,-103.007
,Restored,Kinvi-06,28-Jul-15,5,-7.171996,-90.979008,-0.00717,-0.090979008,-0.019275,-0.148916667,-0.0139,-0.1075,-24.8,-191.624,-13.9,-103.007
,Restored,Labyr-02,01-May-15,1,-11.374483,-109.250225,-0.01137,-0.109250225,-0.019125,-0.147833333,-0.01345,-0.10375,-24.8,-191.624,-13.45,-99.3485
,Restored,Labyr-56,03-May-15,1,-18.008945,-148.456835,-0.01801,-0.148456835,-0.0191,-0.14775,-0.013425,-0.10375,-24.8,-191.624,-13.425,-99.14525
,Restored,Labyr-56,23-May-15,2,-14.403318,-128.330559,-0.0144,-0.128330559,-0.0191,-0.14775,-0.013425,-0.10375,-24.8,-191.624,-13.425,-99.14525
,Restored,Labyr-56,16-Jun-15,3,-8.305704,-101.444465,-0.00831,-0.101444465,-0.0191,-0.14775,-0.013425,-0.10375,-24.8,-191.624,-13.425,-99.14525
,Restored,Labyr-56,27-Jun-15,4,-3.863954,-85.442493,-0.00386,-0.085442493,-0.0191,-0.14775,-0.013425,-0.10375,-24.8,-191.624,-13.425,-99.14525
,Restored,Mika-10,03-May-15,1,-14.163019,-129.21299,-0.01416,-0.12921299,-0.019091667,-0.1475,-0.013625,-0.10525,-24.8,-191.624,-13.625,-100.77125
,Restored,Mika-10,27-May-15,2,-8.883332,-105.511461,-0.00888,-0.105511461,-0.019091667,-0.1475,-0.013625,-0.10525,-24.8,-191.624,-13.625,-100.77125
,Restored,Mika-10,17-Jun-15,3,-6.543904,-91.31472,-0.00654,-0.09131472,-0.019091667,-0.1475,-0.013625,-0.10525,-24.8,-191.624,-13.625,-100.77125
,Restored,Mika-10,24-Jun-15,4,-5.467489,-87.954976,-0.00547,-0.087954976,-0.019091667,-0.1475,-0.013625,-0.10525,-24.8,-191.624,-13.625,-100.77125
,Restored,Mika-10,19-Jul-15,5,-10.529127,-102.315418,-0.01053,-0.102315418,-0.019091667,-0.1475,-0.013625,-0.10525,-24.8,-191.624,-13.625,-100.77125
,Restored,Ozmen-05,02-May-15,1,-16.674909,-144.383928,-0.01667,-0.144383928,-0.019066667,-0.14725,-0.013375,-0.103,-24.8,-191.624,-13.375,-98.73875
,Restored,Ozmen-05,24-May-15,2,-12.617904,-124.053029,-0.01262,-0.124053029,-0.019066667,-0.14725,-0.013375,-0.103,-24.8,-191.624,-13.375,-98.73875
,Restored,Ozmen-05,15-Jun-15,3,-9.842123,-109.022372,-0.00984,-0.109022372,-0.019066667,-0.14725,-0.013375,-0.103,-24.8,-191.624,-13.375,-98.73875
,Restored,Ozmen-05,26-Jun-15,4,-9.239856,-106.029712,-0.00924,-0.106029712,-0.019066667,-0.14725,-0.013375,-0.103,-24.8,-191.624,-13.375,-98.73875
,Restored,Parlb-01,03-May-15,1,-18.267602,-146.771888,-0.01827,-0.146771888,-0.019116667,-0.147583333,-0.013625,-0.10525,-24.8,-191.624,-13.625,-100.77125
,Restored,Parlb-01,27-May-15,2,-14.45911,-128.147448,-0.01446,-0.128147448,-0.019116667,-0.147583333,-0.013625,-0.10525,-24.8,-191.624,-13.625,-100.77125
,Restored,Parlb-01,20-Jun-15,3,-13.64891,-118.494533,-0.01365,-0.118494533,-0.019116667,-0.147583333,-0.013625,-0.10525,-24.8,-191.624,-13.625,-100.77125
,Restored,Parlb-01,26-Jun-15,4,-13.385904,-118.034958,-0.01339,-0.118034958,-0.019116667,-0.147583333,-0.013625,-0.10525,-24.8,-191.624,-13.625,-100.77125
,Restored,Parlb-01,22-Jul-15,5,-12.897627,-112.594461,-0.0129,-0.112594461,-0.019116667,-0.147583333,-0.013625,-0.10525,-24.8,-191.624,-13.625,-100.77125
,Restored,Pearl-06,02-May-15,1,-14.401431,-130.36859,-0.0144,-0.13036859,-0.019041667,-0.147083333,-0.01335,-0.10325,-24.8,-191.624,-13.35,-98.5355
,Restored,Pearl-06,24-May-15,2,-7.133565,-95.956302,-0.00713,-0.095956302,-0.019041667,-0.147083333,-0.01335,-0.10325,-24.8,-191.624,-13.35,-98.5355
,Restored,Pearl-06,14-Jun-15,3,-11.566095,-111.569418,-0.01157,-0.111569418,-0.019041667,-0.147083333,-0.01335,-0.10325,-24.8,-191.624,-13.35,-98.5355
,Restored,Retta-09,01-May-15,1,-16.673725,-140.933051,-0.01667,-0.140933051,-0.019125,-0.148,-0.013425,-0.10375,-24.8,-191.624,-13.425,-99.14525
,Restored,Retta-09,23-May-15,2,-10.383958,-111.309698,-0.01038,-0.111309698,-0.019125,-0.148,-0.013425,-0.10375,-24.8,-191.624,-13.425,-99.14525
,Restored,Retta-09,13-Jun-15,3,-7.219704,-86.417569,-0.00722,-0.086417569,-0.019125,-0.148,-0.013425,-0.10375,-24.8,-191.624,-13.425,-99.14525
