"","Site_ID","Site_Visit","X","Region","SbWtrshd","Date","O","H","Opm","Hpm","P.18O.","P.2H.","Ps.18O.","Ps.2H.","met_station","rh","temp","EI","starO","starH","sslO","sslH","EO","EH","slope","input","IO","IH","X2","per.rain"
"1","10",1,110,"Parkland","05FC","2015-05-04",-12.593061,-120.170178,-0.01259,-0.120170178,-0.0191,-0.1475,-0.01355,-0.1045,"Stettler",0.562935484,279.0080645,0.381409085,0.006415581,-0.015362395,-0.005021324,-0.079848999,-0.035985614,-0.230120943,4.69963146,-61.00181792,-21.51329982,-162.1063986,-25.5553067525228,33.6685019037385
"2","10",2,111,"Parkland","05FC","2015-05-20",-10.613996,-109.498487,-0.01061,-0.109498487,-0.0191,-0.1475,-0.01355,-0.1045,"Stettler",0.561451613,280.7758065,0.49802214,0.006385814,-0.016944446,-0.005074401,-0.080727872,-0.031410349,-0.206389335,4.65813569,-60.07566733,-20.9690343,-157.7522744,-25.5553067525228,38.2020430386673
"3","10",3,112,"Parkland","05FC","2015-06-16",-6.532413,-89.254098,-0.00653,-0.089254098,-0.0191,-0.1475,-0.01355,-0.1045,"Stettler",0.542645161,287.05,0.836830053,0.007439444,-0.017139614,-0.004998546,-0.083048158,-0.022367725,-0.159774716,4.452698885,-60.17797428,-19.78348384,-148.2678707,-25.5553067525228,48.0772630929226
"4","10",4,113,"Parkland","05FC","2015-06-27",-4.407346,-82.356786,-0.00441,-0.082356786,-0.0191,-0.1475,-0.01355,-0.1045,"Stettler",0.637225806,287.8209677,1.5,0.00048709,-0.047875127,-0.006793718,-0.08779196,-0.012687237,-0.133934834,6.231311906,-54.8767005,-36.68069046,-283.4455237,-25.5553067525228,55.1357200525661
"5","10",5,114,"Parkland","05FC","2015-07-25",-7.399756,-88.005437,-0.0074,-0.088005437,-0.0191,-0.1475,-0.01355,-0.1045,"Stettler",0.671258065,291.2758065,1.020478797,-0.001660713,-0.058311001,-0.007533149,-0.090567678,-0.01870459,-0.140415461,4.636172041,-53.6977639,-18.93609443,-141.4887555,-25.5553067525228,-92.6705492563889
"6","101",1,30,"Grassland","05CH","2015-05-03",-11.880608,-120.218723,-0.01188,-0.120218723,-0.018483333,-0.142916667,-0.013,-0.10125,"Cabin Lake",0.549032258,279.7822581,0.47595507,0.00808784,-0.007081888,-0.004200072,-0.07541192,-0.035090279,-0.231989099,4.815555022,-63.00992934,-22.92705003,-173.4164003,-25.0753396352132,41.3135542843481
"7","101",2,31,"Grassland","05CH","2015-05-22",-5.786482,-91.78466,-0.00579,-0.09178466,-0.018483333,-0.142916667,-0.013,-0.10125,"Cabin Lake",0.491225806,282.45,0.955197548,0.013434584,0.01627492,-0.0032134,-0.073760808,-0.023423254,-0.174784523,4.707007825,-64.53108469,-22.63324075,-171.065926,-25.0753396352132,20.2238525705045
"8","101",3,32,"Grassland","05CH","2015-06-14",-3.316837,-76.519474,-0.00332,-0.076519474,-0.018483333,-0.142916667,-0.013,-0.10125,"Cabin Lake",0.493354839,288.1467742,1.137298083,0.012594508,0.006271229,-0.003538474,-0.077178615,-0.018062474,-0.141738284,4.423871375,-61.83222103,-20.08658764,-150.6927011,-25.0753396352132,17.7907178606267
"9","109",1,33,"Grassland","05CH","2015-05-02",-9.046355,-103.081727,-0.00905,-0.103081727,-0.018425,-0.142666667,-0.013075,-0.10175,"Pollockville",0.579290323,279.1209677,0.689433244,0.005576318,-0.018778354,-0.004779154,-0.076967976,-0.028323722,-0.198264014,4.938448563,-58.3887675,-22.33794496,-168.7035597,-24.896666208903,13.145979098383
"10","109",2,34,"Grassland","05CH","2015-05-14",-3.413852,-76.902393,-0.00341,-0.076902393,-0.018425,-0.142666667,-0.013075,-0.10175,"Pollockville",0.538967742,281.0112903,1.464997892,0.008787676,-0.00498664,-0.004076107,-0.075677893,-0.017015885,-0.145051533,5.008798872,-59.82238885,-23.34259244,-176.7407395,-24.896666208903,21.6443367938777
"11","110",1,35,"Grassland","05CH","2015-05-04",-11.343893,-108.828268,-0.01134,-0.108828268,-0.018825,-0.145583333,-0.0133,-0.10325,"Sheerness",0.536419355,279.5532258,0.348522286,0.008927433,-0.00352922,-0.004266028,-0.077008451,-0.033705092,-0.207099163,4.393940942,-59.00097771,-19.13473313,-143.077865,-25.6936289469401,52.7564889584208
"12","110",2,36,"Grassland","05CH","2015-05-21",-7.175833,-90.10895,-0.00718,-0.09010895,-0.018825,-0.145583333,-0.0133,-0.10325,"Sheerness",0.523548387,281.2887097,0.667304378,0.009959283,-0.000166693,-0.004102095,-0.077299999,-0.025125612,-0.169731586,4.436886079,-58.25210795,-19.15518546,-143.2414836,-25.6936289469401,52.9215118914743
"13","110",3,37,"Grassland","05CH","2015-06-15",-3.804131,-72.64803,-0.0038,-0.07264803,-0.018825,-0.145583333,-0.0133,-0.10325,"Sheerness",0.497225806,287.5177419,0.901771869,0.011947521,0.003103698,-0.003905857,-0.079490814,-0.018619524,-0.133264921,4.09034001,-57.10473796,-17.16382962,-127.310637,-25.6936289469401,93.990816223493
"14","110",4,38,"Grassland","05CH","2015-06-30",-1.968324,-63.336815,-0.00197,-0.063336815,-0.018825,-0.145583333,-0.0133,-0.10325,"Sheerness",0.586419355,289.5693548,1.5,0.004032399,-0.033553825,-0.00565237,-0.08462481,-0.010134096,-0.098885906,4.354320677,-54.75880327,-17.76316498,-132.1053198,-25.6936289469401,63.9882313799469
"15","110",5,39,"Grassland","05CH","2015-07-30",-1.705658,-58.270799,-0.00171,-0.058270799,-0.018825,-0.145583333,-0.0133,-0.10325,"Sheerness",0.583516129,291.866129,1.5,0.004088201,-0.034740819,-0.005686315,-0.085495481,-0.009503811,-0.086127667,3.574229495,-52.15886656,-14.04475594,-102.3580475,-25.6936289469401,68.8240656829253
"16","115",1,40,"Grassland","05CH","2015-05-04",-11.729615,-114.171441,-0.01173,-0.114171441,-0.018808333,-0.145,-0.013225,-0.1025,"Youngstown",0.558612903,279.7241935,0.39575736,0.007044853,-0.012325439,-0.004657097,-0.077652852,-0.034434537,-0.219166228,4.62439677,-59.92726689,-20.71548761,-155.7239009,-25.7198594411214,62.3121777224462
"17","115",2,41,"Grassland","05CH","2015-05-21",-8.046197,-93.731002,-0.00805,-0.093731002,-0.018808333,-0.145,-0.013225,-0.1025,"Youngstown",0.530677419,281.5887097,0.587343302,0.009336247,-0.002980803,-0.004206491,-0.077156445,-0.026795932,-0.176734209,4.427798414,-58.08722477,-19.06029745,-142.4823796,-25.7198594411214,53.2984146200505
"18","115",3,42,"Grassland","05CH","2015-06-15",-2.687347,-68.521119,-0.00269,-0.068521119,-0.018808333,-0.145,-0.013225,-0.1025,"Youngstown",0.513483871,287.6080645,1.153994727,0.010387676,-0.003621885,-0.004167008,-0.079608805,-0.015845525,-0.12437071,4.245333492,-57.10117191,-17.87140663,-132.971253,-25.7198594411214,62.8134541897417
"19","115",4,43,"Grassland","05CH","2015-06-30",-1.91879,-61.950141,-0.00192,-0.061950141,-0.018808333,-0.145,-0.013225,-0.1025,"Youngstown",0.60983871,289.65,1.5,0.002468632,-0.039741968,-0.006035948,-0.085004767,-0.008510955,-0.091386776,4.466217174,-53.37500403,-17.93404042,-133.4723233,-25.7198594411214,40.0514455941113
"20","13",1,115,"Parkland","05FC","2015-05-05",-9.635239,-102.094845,-0.00964,-0.102094845,-0.019091667,-0.147416667,-0.0135,-0.1045,"Stettler",0.554548387,279.333871,0.507541892,0.007142678,-0.012379395,-0.004841638,-0.079516858,-0.029595554,-0.192829013,4.546812833,-58.26356929,-19.76827956,-148.1462365,-25.7090892791748,62.5883757948184
"21","13",2,116,"Parkland","05FC","2015-05-18",-4.833749,-75.219841,-0.00483,-0.075219841,-0.019091667,-0.147416667,-0.0135,-0.1045,"Stettler",0.57,280.3822581,0.984511009,0.005774272,-0.019761847,-0.005189699,-0.080943547,-0.018275882,-0.135474228,4.481252223,-53.57539276,-18.0676186,-134.5409488,-25.7090892791748,78.6510693762723
"22","13",5,117,"Parkland","05FC","2015-08-05",-9.828022,-93.95975,-0.00983,-0.09395975,-0.019091667,-0.147416667,-0.0135,-0.1045,"Stettler",0.688935484,290.4370968,0.401167792,-0.002512851,-0.061631897,-0.007795741,-0.091016408,-0.025475598,-0.156009422,3.965950825,-54.97445339,-16.10651,-118.85208,-25.7090892791748,48.6589096314343
"23","131",1,10,"Grassland","05CG","2015-05-08",-7.390795,-97.706889,-0.00739,-0.097706889,-0.018708333,-0.14475,-0.01335,-0.10375,"Hand Hills",0.517645161,279.8435484,0.813229912,0.010627213,0.004210738,-0.003883204,-0.075931012,-0.025797982,-0.185225167,4.754365765,-62.57212599,-22.35992128,-168.8793702,-25.174633026123,23.8037978845075
"24","142",1,11,"Grassland","05CG","2015-05-08",-12.397644,-116.346528,-0.0124,-0.116346528,-0.019033333,-0.147166667,-0.013575,-0.1055,"Hand Hills",0.517645161,279.8435484,0.321303489,0.010396745,0.002249936,-0.004160431,-0.078137072,-0.035691175,-0.218187187,4.372499785,-62.12753067,-19.88353588,-149.068287,-25.4672896067301,46.9527224057019
"25","142",2,12,"Grassland","05CG","2015-05-20",-10.919212,-107.094124,-0.01092,-0.107094124,-0.019033333,-0.147166667,-0.013575,-0.1055,"Hand Hills",0.541548387,280.6274194,0.38060975,0.008081444,-0.009731862,-0.004664822,-0.079936911,-0.032339798,-0.20033017,4.352797597,-59.56157424,-19.07258401,-142.5806721,-25.4672896067301,53.7718623427336
"26","145",1,13,"Grassland","05CG","2015-05-08",-14.026239,-114.346727,-0.01403,-0.114346727,-0.019041667,-0.14725,-0.0136,-0.1055,"Hand Hills",0.517645161,279.8435484,0.121896753,0.010371138,0.002249936,-0.004177495,-0.078181906,-0.038960365,-0.214470125,4.016122464,-58.00052882,-17.06893051,-126.5514441,-25.5372721354167,78.6367191677415
"27","145",2,14,"Grassland","05CG","2015-05-20",-12.468296,-106.762034,-0.01247,-0.106762034,-0.019041667,-0.14725,-0.0136,-0.1055,"Hand Hills",0.541548387,280.6274194,0.184427592,0.008055895,-0.009731862,-0.004682279,-0.079979479,-0.035608269,-0.199680064,4.01577267,-56.68534881,-16.73733532,-123.8986825,-25.5372721354167,73.7181553338987
"28","145",3,15,"Grassland","05CG","2015-06-14",-9.108451,-92.463809,-0.00911,-0.092463809,-0.019041667,-0.14725,-0.0136,-0.1055,"Hand Hills",0.552258065,286.5596774,0.39006011,0.006613372,-0.021314524,-0.00515797,-0.083683638,-0.027654914,-0.164978887,3.91024081,-56.84151522,-16.34363103,-120.7490483,-25.5372721354167,77.0162646970246
"29","145",4,16,"Grassland","05CG","2015-06-30",-7.052488,-82.960054,-0.00705,-0.082960054,-0.019041667,-0.14725,-0.0136,-0.1055,"Hand Hills",0.637580645,288.6274194,0.724418285,0.000369681,-0.049620696,-0.006838196,-0.088663346,-0.01961207,-0.132988457,3.982496842,-54.88345126,-16.15019297,-119.2015438,-25.5372721354167,70.9403415566942
"30","152",1,1,"Grassland","05BN","2015-05-01",-5.643127,-86.115065,-0.00564,-0.086115065,-0.017808333,-0.137916667,-0.01245,-0.09725,"Tide Lake",0.550354839,279.8209677,1.016561511,0.008531248,-0.00327009,-0.003613791,-0.070800351,-0.022202678,-0.16845222,4.971246501,-58.07723474,-22.47698096,-169.8158477,-24.1557954152425,14.3417375384544
"31","153",1,2,"Grassland","05BN","2015-05-01",-7.59502,-98.245374,-0.0076,-0.098245374,-0.018033333,-0.140083333,-0.01265,-0.09925,"Tide Lake",0.550354839,279.8209677,0.836494488,0.008326998,-0.005478298,-0.003827608,-0.072987724,-0.026214716,-0.19044381,4.952986486,-60.6026767,-23.17110718,-175.3688574,-24.4483896891276,22.5445173384867
"32","153",2,3,"Grassland","05BN","2015-05-12",-4.527548,-82.91617,-0.00453,-0.08291617,-0.018033333,-0.140083333,-0.01265,-0.09925,"Tide Lake",0.499354839,281.4080645,1.036000872,0.013039823,0.015976385,-0.002910288,-0.070992451,-0.021188769,-0.161479644,4.716043048,-61.55249499,-21.78849968,-164.3079974,-24.4483896891276,10.8259054225395
"33","173",1,4,"Grassland","05BN","2015-05-01",-9.570106,-101.670211,-0.00957,-0.101670211,-0.017658333,-0.1375,-0.012325,-0.09725,"Rolling Hills",0.546548387,280.0596774,0.479819924,0.00896893,-0.001978403,-0.003412383,-0.070501561,-0.030900909,-0.199143762,4.569591895,-57.93921656,-19.80499535,-148.4399628,-23.7568340301514,42.4833791965668
"34","173",2,5,"Grassland","05BN","2015-05-23",-3.419488,-71.338266,-0.00342,-0.071338266,-0.017658333,-0.1375,-0.012325,-0.09725,"Rolling Hills",0.518322581,282.2725806,1.021632483,0.011362255,0.007523273,-0.002968608,-0.07014804,-0.01857242,-0.13972232,4.513078005,-55.90353922,-18.90020463,-141.201637,-23.7568340301514,47.5296016878879
"35","173",3,6,"Grassland","05BN","2015-06-13",-1.22435,-59.814031,-0.00122,-0.059814031,-0.017658333,-0.1375,-0.012325,-0.09725,"Rolling Hills",0.560935484,287.7306452,1.5,0.007109305,-0.016763055,-0.004033382,-0.075318327,-0.01140483,-0.105531208,4.488751896,-54.33775369,-18.32332885,-136.5866308,-23.7568340301514,259.210878525666
"36","173",4,7,"Grassland","05BN","2015-06-28",5.126686,-38.057532,0.00513,-0.038057532,-0.017658333,-0.1375,-0.012325,-0.09725,"Rolling Hills",0.583322581,290.1919355,1.5,0.005208249,-0.026695539,-0.004552396,-0.077550603,0.005024932,-0.051451373,127.4779903,-692.019622,5.875723391,57.00578713,-23.7568340301514,34.5687198548232
"37","18",1,118,"Parkland","05FC","2015-05-06",-13.152336,-125.573537,-0.01315,-0.125573537,-0.018991667,-0.146666667,-0.013425,-0.1035,"Forestburg",0.557193548,279.6564516,0.389746923,0.006966104,-0.012768004,-0.004821051,-0.078916029,-0.037333748,-0.241112087,4.777528673,-62.74903495,-22.57554143,-170.6043314,-25.6549777984619,50.1077260273736
"38","18",2,119,"Parkland","05FC","2015-05-25",-10.166941,-112.814852,-0.01017,-0.112814852,-0.018991667,-0.146666667,-0.013425,-0.1035,"Forestburg",0.519967742,282.3951613,0.602382685,0.010064542,-0.000390872,-0.004234726,-0.078453385,-0.031052183,-0.211054179,4.704456867,-64.97052566,-22.74906522,-171.9925217,-25.6549777984619,23.7605711665918
"39","18",3,120,"Parkland","05FC","2015-06-15",-7.135059,-91.579244,-0.00714,-0.091579244,-0.018991667,-0.146666667,-0.013425,-0.1035,"Forestburg",0.539322581,287.166129,0.739072962,0.007845974,-0.014886609,-0.004823003,-0.081987805,-0.023899934,-0.165503296,4.410760355,-60.08641507,-19.52681403,-146.2145123,-25.6549777984619,25.1794109458579
"40","182",1,121,"Parkland","05FC","2015-05-06",-9.473705,-103.270809,-0.00947,-0.103270809,-0.019025,-0.147083333,-0.0134,-0.10375,"Rosalind",0.559064516,279.2467742,0.572484206,0.006870378,-0.013283012,-0.004839269,-0.079138623,-0.029265662,-0.196113235,4.690038919,-58.85614044,-20.80270394,-156.4216316,-25.5820903778076,54.7581172929052
"41","182",2,122,"Parkland","05FC","2015-05-17",-4.568992,-74.968254,-0.00457,-0.074968254,-0.019025,-0.147083333,-0.0134,-0.10375,"Rosalind",0.573741935,280.233871,1.096024692,0.005590351,-0.020176122,-0.005168848,-0.080481828,-0.017654931,-0.135480579,4.624581266,-53.83391761,-18.91140704,-141.2912563,-25.5820903778076,39.2328926282991
"42","184",1,17,"Grassland","05CG","2015-05-08",-10.431958,-111.086969,-0.01043,-0.111086969,-0.018866667,-0.146083333,-0.01355,-0.10525,"Drumheller East",0.491903226,281.2758065,0.493473234,0.012928882,0.01335332,-0.003635186,-0.076835107,-0.031909648,-0.206634364,4.448275635,-64.69145412,-21.02963137,-158.237051,-25.2295551300049,43.740410256557
"43","184",2,18,"Grassland","05CG","2015-05-20",-6.679634,-91.210397,-0.00668,-0.091210397,-0.018866667,-0.146083333,-0.01355,-0.10525,"Drumheller East",0.500516129,282.433871,0.75987719,0.011882876,0.006973537,-0.003862856,-0.07801352,-0.024368213,-0.169850159,4.445884997,-61.51188522,-20.1208698,-150.9669584,-25.2295551300049,35.9596210065847
"44","190",1,87,"Parkland","05FA","2015-05-02",-15.014973,-131.94827,-0.01501,-0.13194827,-0.0191,-0.147666667,-0.013425,-0.10375,"Wetaskiwin",0.591032258,278.1887097,0.251592971,0.004395794,-0.024197487,-0.005459618,-0.080641642,-0.041868587,-0.259897726,4.763819321,-60.44334199,-21.76743173,-164.1394538,-25.6419525146484,-171.930973621829
"45","190",2,88,"Parkland","05FA","2015-05-21",-11.691495,-114.907073,-0.01169,-0.114907073,-0.0191,-0.147666667,-0.013425,-0.10375,"Wetaskiwin",0.57983871,280.6403226,0.433325528,0.005055364,-0.022877826,-0.005351323,-0.081297976,-0.033812949,-0.219457656,4.725888108,-59.66144102,-21.27643871,-160.2115097,-25.6419525146484,31.7142984717571
"46","190",3,89,"Parkland","05FA","2015-06-14",-7.956338,-99.112596,-0.00796,-0.099112596,-0.0191,-0.147666667,-0.013425,-0.10375,"Wetaskiwin",0.540774194,286.9435484,0.754907635,0.007738431,-0.015462989,-0.004891267,-0.082585307,-0.025621137,-0.180218706,4.592349282,-62.55749571,-21.29252724,-160.3402179,-25.6419525146484,35.6015566847245
"47","190",4,90,"Parkland","05FA","2015-06-27",-4.674817,-87.067512,-0.00467,-0.087067512,-0.0191,-0.147666667,-0.013425,-0.10375,"Wetaskiwin",0.633741935,287.8080645,1.5,0.000830415,-0.046154032,-0.006649167,-0.087218454,-0.013826227,-0.147293534,6.577602732,-56.35010724,-46.64667792,-363.1734233,-25.6419525146484,35.7332468912691
"48","190",5,91,"Parkland","05FA","2015-08-01",-6.760944,-91.339874,-0.00676,-0.091339874,-0.0191,-0.147666667,-0.013425,-0.10375,"Wetaskiwin",0.711709677,290.25,1.5,-0.003571478,-0.065357132,-0.00815749,-0.091492519,-0.014368011,-0.147185933,7.340428161,-41.71857963,-78.41235268,-617.2988214,-25.6419525146484,-431.944055623352
"49","195",1,64,"Parkland","05CD","2015-05-03",-12.052721,-117.611973,-0.01205,-0.117611973,-0.019241667,-0.1485,-0.013725,-0.106,"Stettler",0.570870968,278.7370968,0.424632423,0.005612568,-0.019789752,-0.005325947,-0.08148541,-0.034519903,-0.223867684,4.72880162,-60.62991348,-21.59144915,-162.7315932,-25.5082085927327,71.3285295476851
"50","195",2,65,"Parkland","05CD","2015-05-20",-6.282048,-93.40781,-0.00628,-0.09340781,-0.019241667,-0.1485,-0.013725,-0.106,"Stettler",0.561451613,280.7758065,1.210059676,0.006207278,-0.018591105,-0.005236358,-0.082058604,-0.021562571,-0.171730203,5.12494887,-61.2231311,-24.77282242,-188.1825794,-25.5082085927327,33.2401774262775
"51","195",3,66,"Parkland","05CD","2015-06-16",-6.652691,-80.063826,-0.00665,-0.080063826,-0.019241667,-0.1485,-0.013725,-0.106,"Stettler",0.542645161,287.05,0.556471613,0.00726072,-0.018785946,-0.005159903,-0.084367713,-0.022421147,-0.139987349,3.799566551,-54.79670844,-15.42619571,-113.4095656,-25.5082085927327,43.2777020163918
"52","195",4,67,"Parkland","05CD","2015-06-27",-5.318088,-80.253335,-0.00532,-0.080253335,-0.019241667,-0.1485,-0.013725,-0.106,"Stettler",0.637225806,287.8209677,1.5,0.0003096,-0.049469976,-0.006957892,-0.08914847,-0.014835352,-0.126299424,4.83913698,-54.50912627,-20.40870669,-153.2696535,-25.5082085927327,6.24096710964017
"53","195",5,68,"Parkland","05CD","2015-07-27",-13.004156,-110.08024,-0.013,-0.11008024,-0.019241667,-0.1485,-0.013725,-0.106,"Stettler",0.685451613,290.8274194,0.187130646,-0.00257573,-0.062686387,-0.007945669,-0.092397065,-0.034928098,-0.199574471,4.081258254,-57.0238827,-17.10341917,-126.8273534,-25.5082085927327,85.56254269275
"54","202",1,8,"Grassland","05BN","2015-05-02",-7.92166,-96.326846,-0.00792,-0.096326846,-0.017916667,-0.13975,-0.01265,-0.0995,"Brooks",0.563709677,279.9629032,0.720815956,0.007187364,-0.011351751,-0.004044005,-0.073824033,-0.026580179,-0.185999659,4.805570785,-58.26672538,-21.37055505,-160.9644404,-24.097297668457,23.8199677987806
"55","202",2,9,"Grassland","05BN","2015-05-12",-2.994967,-71.991736,-0.00299,-0.071991736,-0.017916667,-0.13975,-0.01265,-0.0995,"Brooks",0.523,281.3919355,1.238005253,0.010666736,0.004118475,-0.003312433,-0.072271396,-0.017257384,-0.139223303,4.712256139,-57.90209014,-20.65309617,-155.2247694,-24.097297668457,30.0874634189649
"56","301",1,69,"Parkland","05CD","2015-05-07",-7.968856,-96.878368,-0.00797,-0.096878368,-0.019183333,-0.148333333,-0.0138,-0.10675,"Big Valley",0.503516129,280.0887097,0.648015122,0.011569376,0.007512648,-0.004087187,-0.07876181,-0.026809977,-0.181059042,4.46819419,-61.26686031,-20.17858969,-151.4287175,-25.4485893249512,42.8330609463913
"57","301",2,70,"Parkland","05CD","2015-05-19",-2.925723,-71.674903,-0.00293,-0.071674903,-0.019183333,-0.148333333,-0.0138,-0.10675,"Big Valley",0.529903226,280.8790323,1.380166043,0.008888718,-0.006368874,-0.004642394,-0.080705724,-0.015630749,-0.131086764,4.677823527,-57.96888007,-20.45914196,-153.6731357,-25.4485893249512,45.2415265740623
"58","308",1,19,"Grassland","05CG","2015-05-07",-9.830948,-104.495252,-0.00983,-0.104495252,-0.018983333,-0.1465,-0.0135,-0.1045,"Hand Hills",0.522903226,279.7209677,0.493582806,0.009974405,0.001039648,-0.00419318,-0.07748486,-0.030504673,-0.197249809,4.486385602,-60.39408153,-20.03466333,-150.2773066,-25.604866027832,45.6275102519348
"59","308",2,20,"Grassland","05CG","2015-05-20",-5.134009,-81.24204,-0.00513,-0.08124204,-0.018983333,-0.1465,-0.0135,-0.1045,"Hand Hills",0.541548387,280.6274194,0.998158983,0.008158091,-0.008624798,-0.004600702,-0.079054813,-0.020109294,-0.15078176,4.642389643,-57.42658113,-20.08171704,-150.6537364,-25.604866027832,46.0162275652186
"60","31",1,81,"Parkland","05FA","2015-05-03",-15.656514,-127.653592,-0.01566,-0.127653592,-0.01915,-0.147916667,-0.013575,-0.10475,"Wetaskiwin",0.582903226,278.3887097,0.12491511,0.004845881,-0.022555482,-0.005419139,-0.080988064,-0.043089406,-0.248032831,4.388692938,-58.92666059,-19.08634724,-142.690778,-25.5787156422933,52.7347557283849
"61","31",2,82,"Parkland","05FA","2015-05-14",-12.377581,-113.410272,-0.01238,-0.113410272,-0.01915,-0.147916667,-0.013575,-0.10475,"Wetaskiwin",0.574322581,279.8725806,0.299335337,0.005395619,-0.021069597,-0.005318892,-0.081292952,-0.035326123,-0.21556464,4.451922754,-58.29546831,-19.24858552,-143.9886842,-25.5787156422933,54.0863229000394
"62","312",1,21,"Grassland","05CG","2015-05-08",-11.21,-111.73175,-0.01121,-0.11173175,-0.01895,-0.146333333,-0.013475,-0.1045,"Hand Hills",0.517645161,279.8435484,0.407782514,0.010499175,0.003370394,-0.004067447,-0.077171088,-0.033390018,-0.210571781,4.456264793,-61.77702167,-20.25462329,-152.0369863,-25.6273810068766,44.2115640863824
"63","312",2,22,"Grassland","05CG","2015-05-20",-7.893964,-96.462272,-0.00789,-0.096462272,-0.01895,-0.146333333,-0.013475,-0.1045,"Hand Hills",0.541548387,280.6274194,0.712397543,0.00818364,-0.008624798,-0.004571494,-0.078969675,-0.026009366,-0.18057719,4.642266148,-59.83479209,-20.79819163,-156.385533,-25.6273810068766,39.7386271393561
"64","317",1,92,"Parkland","05FA","2015-05-02",-14.990404,-135.875226,-0.01499,-0.135875226,-0.01915,-0.148083333,-0.01345,-0.10375,"New Sarepta",0.584032258,278.4080645,0.314702642,0.004884686,-0.021901853,-0.005369082,-0.080556064,-0.041701296,-0.267090197,4.912340068,-62.23924838,-23.3961155,-177.168924,-25.7431367238363,19.0921265789342
"65","317",2,93,"Parkland","05FA","2015-05-22",-9.186737,-108.062241,-0.00919,-0.108062241,-0.01915,-0.148083333,-0.01345,-0.10375,"New Sarepta",0.550193548,281.2435484,0.749000857,0.00739601,-0.012207875,-0.004846787,-0.080253597,-0.028567374,-0.203612351,4.931014508,-62.74621767,-23.70366946,-179.6293557,-25.7431367238363,16.5902918811743
"66","32",1,83,"Parkland","05FA","2015-05-03",-16.211912,-135.672237,-0.01621,-0.135672237,-0.019266667,-0.14875,-0.013775,-0.10625,"Lacombe",0.601290323,278.5822581,0.168921656,0.003254154,-0.030918636,-0.005954968,-0.08340672,-0.044345249,-0.266081721,4.635092558,-60.53738664,-20.96265287,-157.7012229,-25.6072820027669,39.2538745415365
"67","32",2,84,"Parkland","05FA","2015-05-21",-12.937603,-118.578289,-0.01294,-0.118578289,-0.019266667,-0.14875,-0.013775,-0.10625,"Lacombe",0.598516129,281.0725806,0.317433783,0.003271457,-0.03252575,-0.006006433,-0.084488738,-0.03610989,-0.224997204,4.592983087,-59.14508785,-20.29490596,-152.3592477,-25.6072820027669,44.8973075652241
"68","321",1,123,"Parkland","05FC","2015-05-05",-12.253401,-118.241356,-0.01225,-0.118241356,-0.018958333,-0.146416667,-0.01335,-0.10325,"Alliance",0.544225806,279.6306452,0.384509205,0.008166342,-0.007050494,-0.004511435,-0.07791822,-0.03551534,-0.22571484,4.619467536,-61.65287868,-21.19573749,-159.5658999,-25.4492359161377,68.2501615256852
"69","321",2,124,"Parkland","05FC","2015-05-26",-4.206693,-81.05671,-0.00421,-0.08105671,-0.018958333,-0.146416667,-0.01335,-0.10325,"Alliance",0.489709677,282.9725806,1.057612286,0.01318153,0.01395166,-0.003631284,-0.076960403,-0.020064624,-0.153642528,4.578211179,-61.78244094,-20.97804531,-157.8243625,-25.4492359161377,35.1550995089241
"70","321",3,125,"Parkland","05FC","2015-06-15",-4.84,-76.15692,-0.00484,-0.07615692,-0.018958333,-0.146416667,-0.01335,-0.10325,"Alliance",0.538709677,287.0467742,0.863227674,0.007986565,-0.014227705,-0.004750112,-0.0816361,-0.019148494,-0.135671906,4.159416539,-56.02534395,-17.19148786,-127.5319029,-25.4492359161377,36.9543220508175
"71","333",1,94,"Parkland","05FA","2015-05-08",-14.886791,-136.048815,-0.01489,-0.136048815,-0.019208333,-0.148416667,-0.01345,-0.10375,"New Sarepta",0.568193548,279.4564516,0.324743708,0.006048401,-0.0171513,-0.005135754,-0.080404133,-0.041235962,-0.263893228,4.852523958,-63.79473326,-23.44568546,-177.5654837,-25.8004430135091,9.15419157250037
"72","333",2,95,"Parkland","05FA","2015-05-23",-10.486686,-112.777003,-0.01049,-0.112777003,-0.019208333,-0.148416667,-0.01345,-0.10375,"New Sarepta",0.544032258,281.4596774,0.572256122,0.007912523,-0.009942888,-0.004766434,-0.080220319,-0.031451296,-0.212565953,4.760628784,-62.83800705,-22.48523007,-169.8818405,-25.8004430135091,43.7629812760329
"73","333",3,96,"Parkland","05FA","2015-06-14",-9.68905,-106.551803,-0.00969,-0.106551803,-0.019208333,-0.148416667,-0.01345,-0.10375,"New Sarepta",0.505387097,287.2919355,0.532134504,0.010985139,-0.000942552,-0.004317756,-0.081554776,-0.029808073,-0.194146883,4.354049171,-64.36106654,-20.39552095,-153.1641676,-25.8004430135091,19.0661788482684
"74","333",5,97,"Parkland","05FA","2015-07-30",-9.590171,-104.292916,-0.00959,-0.104292916,-0.019208333,-0.148416667,-0.01345,-0.10375,"New Sarepta",0.691612903,290.5177419,0.996806679,-0.002603939,-0.061448637,-0.007849399,-0.09097939,-0.024718169,-0.187624984,5.508404157,-51.46732014,-24.6698598,-187.3588784,-25.8004430135091,26.8428666071564
"75","336",1,44,"Grassland","05CH","2015-05-02",-9.743463,-107.836421,-0.00974,-0.107836421,-0.018383333,-0.141916667,-0.012925,-0.10025,"Cabin Lake",0.554322581,279.65,0.614064676,0.00772063,-0.008006519,-0.004209771,-0.074589693,-0.030483589,-0.208781523,4.866327691,-60.43838929,-22.47790526,-169.8232421,-24.9504235585531,19.6769394194858
"76","336",2,45,"Grassland","05CH","2015-05-14",-4.849911,-84.80797,-0.00485,-0.08480797,-0.018383333,-0.141916667,-0.012925,-0.10025,"Cabin Lake",0.516064516,281.4274194,1.098124913,0.01105431,0.006492124,-0.003551914,-0.073450644,-0.020999518,-0.163000838,4.841808083,-61.3252008,-22.58418825,-170.673506,-24.9504235585531,20.5607585172706
"77","338",1,46,"Grassland","05CH","2015-05-03",-9.974954,-104.265234,-0.00997,-0.104265234,-0.018641667,-0.144166667,-0.0132,-0.10225,"Pollockville",0.573064516,279.266129,0.510330914,0.005927793,-0.017151203,-0.004829511,-0.077680879,-0.030382436,-0.199951274,4.687634476,-57.52951828,-20.38709731,-153.0967785,-25.3769607543945,58.5646944112954
"78","338",2,47,"Grassland","05CH","2015-05-19",-6.656092,-84.98633,-0.00666,-0.08498633,-0.018641667,-0.144166667,-0.0132,-0.10225,"Pollockville",0.539677419,281.2241935,0.679674836,0.00857632,-0.006131289,-0.004269885,-0.076876586,-0.023705741,-0.159990074,4.400145806,-55.68135893,-18.2455609,-135.9644872,-25.3769607543945,40.9779052839087
"79","344",1,126,"Parkland","05FC","2015-05-09",-13.08617,-120.000564,-0.01309,-0.120000564,-0.019133333,-0.147916667,-0.013675,-0.1055,"Big Valley",0.503967742,280.3145161,0.289739531,0.011625849,0.008323471,-0.004019394,-0.078065154,-0.03696651,-0.22375992,4.34566672,-63.11578663,-20.00796891,-150.0637512,-25.6077715555827,49.6775556120434
"80","344",2,127,"Parkland","05FC","2015-05-19",-11.778823,-112.77404,-0.01178,-0.11277404,-0.019133333,-0.147916667,-0.013675,-0.1055,"Big Valley",0.529903226,280.8790323,0.353482867,0.009016594,-0.004978402,-0.004552056,-0.079825166,-0.034128643,-0.210840628,4.388033256,-61.08300824,-19.67986233,-147.4388986,-25.6077715555827,70.2659434694361
"81","344",3,128,"Parkland","05FC","2015-06-17",-8.018914,-96.332891,-0.00802,-0.096332891,-0.019133333,-0.147916667,-0.013675,-0.1055,"Big Valley",0.511032258,287.6435484,0.621192586,0.010161849,-0.005920662,-0.004515817,-0.082621094,-0.02612734,-0.173301406,4.250680437,-62.2424339,-19.26814524,-144.1451619,-25.6077715555827,48.9942576906828
"82","344",4,129,"Parkland","05FC","2015-06-27",-7.717735,-93.37525,-0.00772,-0.09337525,-0.019133333,-0.147916667,-0.013675,-0.1055,"Big Valley",0.597483871,288.2016129,0.791974559,0.00295187,-0.038121718,-0.006156535,-0.086911198,-0.022924275,-0.162463252,4.54398538,-58.29568287,-19.76139871,-148.0911897,-25.6077715555827,46.9279296892502
"83","344",5,130,"Parkland","05FC","2015-07-22",-7.67147,-88.90652,-0.00767,-0.08890652,-0.019133333,-0.147916667,-0.013675,-0.1055,"Big Valley",0.60416129,292.0790323,0.657053087,0.002244383,-0.04333191,-0.006422892,-0.088836686,-0.022209308,-0.148077167,4.069701812,-57.69190711,-17.22309704,-127.7847763,-25.6077715555827,53.1278612521223
"84","345",1,23,"Grassland","05CG","2015-05-08",-7.465322,-94.839631,-0.00747,-0.094839631,-0.018616667,-0.144083333,-0.013225,-0.103,"Finnegan",0.527193548,280.6983871,0.729134956,0.00974877,-0.000711185,-0.004002826,-0.076235451,-0.025768412,-0.179400741,4.621226788,-60.31906689,-20.81201149,-156.4960919,-25.022175470988,35.6878982714273
"85","345",2,24,"Grassland","05CG","2015-05-19",-3.822555,-74.705891,-0.00382,-0.074705891,-0.018616667,-0.144083333,-0.013225,-0.103,"Finnegan",0.539967742,281.266129,1.171233184,0.008520874,-0.007141695,-0.004279229,-0.077278405,-0.017643054,-0.139060511,4.655600663,-56.92149647,-20.01001966,-150.0801572,-25.022175470988,42.4860664598406
"86","346",1,25,"Grassland","05CG","2015-05-06",-11.64426,-115.097684,-0.01164,-0.115097684,-0.018775,-0.145166667,-0.013375,-0.10375,"Hand Hills",0.528129032,279.5016129,0.40904552,0.009626047,-0.000245205,-0.004117296,-0.076553349,-0.034320904,-0.21836857,4.553208556,-62.09833641,-20.91752216,-157.3401773,-25.1419258117676,35.9006568014811
"87","346",2,26,"Grassland","05CG","2015-05-19",-7.712832,-96.000898,-0.00771,-0.096000898,-0.018775,-0.145166667,-0.013375,-0.10375,"Hand Hills",0.544709677,280.3951613,0.74912459,0.008027069,-0.008830752,-0.004485622,-0.078015013,-0.025681589,-0.18061002,4.707937824,-59.70269738,-21.17295897,-159.3836717,-25.1419258117676,33.7298535340334
"88","351",1,98,"Parkland","05FA","2015-05-02",-12.79338,-117.403788,-0.01279,-0.117403788,-0.019125,-0.148,-0.013425,-0.10375,"New Sarepta",0.584032258,278.4080645,0.312139637,0.00491015,-0.021901853,-0.005343815,-0.080517328,-0.036578751,-0.227353009,4.621899614,-58.28969194,-20.21541225,-151.723298,-25.7295583089193,51.721655334073
"89","351",2,99,"Parkland","05FA","2015-05-15",-8.718474,-96.409376,-0.00872,-0.096409376,-0.019125,-0.148,-0.013425,-0.10375,"New Sarepta",0.56983871,280.3145161,0.575860939,0.005869296,-0.018800364,-0.005155482,-0.080751124,-0.027206125,-0.180655619,4.557269021,-56.66999014,-19.36543707,-144.9234966,-25.7295583089193,44.8138480104743
"90","360",1,48,"Grassland","05CH","2015-05-04",-8.558337,-101.63124,-0.00856,-0.10163124,-0.018991667,-0.1465,-0.013475,-0.10425,"Spondin",0.568258065,278.7274194,0.765660649,0.006079658,-0.016843371,-0.005021596,-0.079371887,-0.02698288,-0.192656104,4.94085952,-59.33748251,-22.66567455,-171.3253964,-25.6819871266683,24.7097219434158
"91","360",2,49,"Grassland","05CH","2015-05-21",-2.314527,-68.432746,-0.00231,-0.068432746,-0.018991667,-0.1465,-0.013475,-0.10425,"Spondin",0.543612903,280.6822581,1.5,0.007995254,-0.009299317,-0.004633708,-0.07906422,-0.014026118,-0.125591987,4.878684273,-57.16298533,-21.51752377,-162.1401901,-25.6819871266683,34.1154071308087
"92","365",1,100,"Parkland","05FA","2015-05-02",-17.557134,-146.955017,-0.01756,-0.146955017,-0.01915,-0.148,-0.0135,-0.10425,"Wetaskiwin",0.591032258,278.1887097,0.169609507,0.004319439,-0.024741868,-0.005524918,-0.081089542,-0.047842236,-0.292077916,4.792344299,-62.80145111,-22.69615504,-171.5692403,-25.495672861735,25.9761656361504
"93","365",2,101,"Parkland","05FA","2015-05-21",-14.108893,-129.515096,-0.01411,-0.129515096,-0.01915,-0.148,-0.0135,-0.10425,"Wetaskiwin",0.57983871,280.6403226,0.327911628,0.004978959,-0.023422943,-0.005416352,-0.081743945,-0.039329164,-0.250041959,4.779177664,-62.08089916,-22.37965701,-169.0372561,-25.495672861735,23.3377306467335
"94","365",3,102,"Parkland","05FA","2015-06-14",-11.072299,-111.4235,-0.01107,-0.1114235,-0.01915,-0.148,-0.0135,-0.10425,"Wetaskiwin",0.540774194,286.9435484,0.431959157,0.007661822,-0.016012243,-0.004955354,-0.083024934,-0.03214378,-0.203933629,4.38982138,-62.82817732,-20.17301219,-151.3840975,-25.495672861735,44.3715057344867
"95","366",1,27,"Grassland","05CG","2015-05-06",-6.433195,-86.073791,-0.00643,-0.086073791,-0.018825,-0.145583333,-0.013425,-0.1045,"Hand Hills",0.528129032,279.5016129,0.74221203,0.009574881,-0.00108182,-0.004167897,-0.077168841,-0.023499706,-0.162495269,4.477023576,-57.28652941,-19.09934138,-142.7947311,-25.3197778065999,52.2955243699337
"96","368",1,131,"Parkland","05FC","2015-05-05",-14.75,-130.481664,-0.01475,-0.130481664,-0.018966667,-0.146416667,-0.01325,-0.10275,"Kessler",0.552,279.9758065,0.251013109,0.007558417,-0.010225621,-0.004627209,-0.078266819,-0.041001472,-0.250929736,4.588240673,-62.80511408,-21.33946363,-160.715709,-25.7624791463216,43.7778649799543
"97","368",2,132,"Parkland","05FC","2015-05-26",-11.66682,-118.298082,-0.01167,-0.118298082,-0.018966667,-0.146416667,-0.01325,-0.10275,"Kessler",0.518,283.0887097,0.450719617,0.010364806,0.000354962,-0.00412808,-0.078225015,-0.034230407,-0.221265115,4.564059203,-65.0355111,-21.83841793,-164.7073434,-25.7624791463216,31.3611808693819
"98","368",3,133,"Parkland","05FC","2015-06-15",-10.721528,-109.742446,-0.01072,-0.109742446,-0.018966667,-0.146416667,-0.01325,-0.10275,"Kessler",0.551193548,287.15,0.459328971,0.007011044,-0.018579252,-0.004936013,-0.081996724,-0.031543383,-0.202346701,4.447128357,-62.06923002,-20.28478292,-152.2782633,-25.7624791463216,43.9002197093486
"99","368",4,134,"Parkland","05FC","2015-06-27",-11.003863,-108.237109,-0.011,-0.108237109,-0.018966667,-0.146416667,-0.01325,-0.10275,"Kessler",0.649387097,288.0532258,0.470556685,4.44e-05,-0.049280066,-0.006785227,-0.086885085,-0.030698951,-0.201570556,4.737990608,-56.11921231,-20.26947331,-152.1557865,-25.7624791463216,77.3688466778987
"100","368",5,135,"Parkland","05FC","2015-08-05",-9.477936,-92.071321,-0.00948,-0.092071321,-0.018966667,-0.146416667,-0.01325,-0.10275,"Kessler",0.698903226,290.9983871,0.440227156,-0.002792048,-0.062147687,-0.007780726,-0.090070576,-0.024476163,-0.152454751,4.026591918,-53.89922962,-16.08171834,-118.6537467,-25.7624791463216,35.348834268562
"101","375",1,50,"Grassland","05CH","2015-05-02",-8.15313,-101.748111,-0.00815,-0.101748111,-0.018458333,-0.142666667,-0.013025,-0.1015,"Pollockville",0.579290323,279.1209677,0.908181709,0.005627263,-0.018505262,-0.004764571,-0.076823153,-0.026304886,-0.195733019,5.176838153,-59.55688005,-24.6379357,-187.1034856,-24.8804728190104,-42.5423661121478
"102","375",2,51,"Grassland","05CH","2015-05-22",1.675526,-54.570973,0.00168,-0.054570973,-0.018458333,-0.142666667,-0.013025,-0.1015,"Pollockville",0.523774194,281.8854839,1.5,0.010160086,0.000822593,-0.003812783,-0.075194529,-0.007208333,-0.103737822,5.531616359,-63.86408848,-29.92407147,-229.3925718,-24.8804728190104,2.04578191619238
"103","377",1,71,"Parkland","05CD","2015-05-04",-13.365713,-128.962133,-0.01337,-0.128962133,-0.019075,-0.147416667,-0.01355,-0.10475,"Ferintosh",0.584064516,278.5887097,0.437160468,0.00476587,-0.023209363,-0.005404225,-0.080927514,-0.037748473,-0.250785371,4.997164467,-62.15004407,-24.02730462,-182.218437,-25.4771715799967,21.0659282726394
"104","377",2,72,"Parkland","05CD","2015-05-20",-8.65773,-102.867822,-0.00866,-0.102867822,-0.019075,-0.147416667,-0.01355,-0.10475,"Ferintosh",0.573870968,280.6241935,0.789774792,0.005395452,-0.021764976,-0.005296739,-0.081425818,-0.026772255,-0.192575668,4.952881214,-59.97587069,-22.96460217,-173.7168174,-25.4771715799967,12.1559998552242
"105","379",1,28,"Grassland","05CG","2015-05-05",-7.582892,-93.556232,-0.00758,-0.093556232,-0.018983333,-0.146583333,-0.0135,-0.1045,"Craigmyle",0.561096774,279.4403226,0.75610856,0.006581542,-0.015166508,-0.004925138,-0.079534454,-0.024881752,-0.175210898,4.719444878,-57.78283983,-20.66200301,-155.2960241,-25.6029376983643,51.1605541785208
"106","379",2,29,"Grassland","05CG","2015-05-16",-3.384603,-69.40712,-0.00338,-0.06940712,-0.018983333,-0.146583333,-0.0135,-0.1045,"Craigmyle",0.583354839,280.5854839,1.477411279,0.004713257,-0.024897793,-0.005410403,-0.081392395,-0.014230741,-0.120767863,4.733385638,-53.40827655,-19.4110077,-145.2880616,-25.6029376983643,40.8242594608418
"107","384",1,52,"Grassland","05CH","2015-05-03",-6.742646,-89.27864,-0.00674,-0.08927864,-0.018633333,-0.143916667,-0.0132,-0.10225,"Pollockville",0.573064516,279.266129,0.891190205,0.005927793,-0.017151203,-0.004825862,-0.07756174,-0.023005183,-0.168503408,4.870819205,-56.44931856,-21.2353721,-159.8829768,-25.2205804189046,33.1532104110142
"108","388",1,53,"Grassland","05CH","2015-05-03",-12.167836,-117.090686,-0.01217,-0.117090686,-0.018425,-0.1425,-0.013,-0.10125,"Cabin Lake",0.549032258,279.7822581,0.373037865,0.00808784,-0.007081888,-0.004173096,-0.075202321,-0.03571737,-0.225770806,4.615382459,-60.92148147,-20.95406072,-157.6324858,-24.9129670461019,39.0224782634904
"109","388",2,54,"Grassland","05CH","2015-05-22",-6.927413,-93.226354,-0.00693,-0.093226354,-0.018425,-0.1425,-0.013,-0.10125,"Cabin Lake",0.491225806,282.45,0.731529458,0.013434584,0.01627492,-0.003182974,-0.073525149,-0.025608889,-0.177333573,4.502795514,-62.02198108,-20.59415781,-154.7532625,-24.9129670461019,36.2530108527
"110","388",3,55,"Grassland","05CH","2015-06-14",-3.439647,-75.228141,-0.00344,-0.075228141,-0.018425,-0.1425,-0.013,-0.10125,"Cabin Lake",0.493354839,288.1467742,1.056392849,0.012594508,0.006271229,-0.003508193,-0.076945548,-0.018293637,-0.139429696,4.322278541,-60.35950282,-19.1312756,-143.0502048,-24.9129670461019,48.5327578237006
"111","388",4,56,"Grassland","05CH","2015-06-29",-1.046841,-62.160273,-0.00105,-0.062160273,-0.018425,-0.1425,-0.013,-0.10125,"Cabin Lake",0.568290323,290.3693548,1.5,0.005641616,-0.026351955,-0.005001703,-0.081571699,-0.009489431,-0.101670416,4.681612215,-57.24458017,-20.26423207,-152.1138566,-24.9129670461019,33.2319086486293
"112","395",1,73,"Parkland","05CD","2015-05-07",-13.919783,-132.213812,-0.01392,-0.132213812,-0.019175,-0.148083333,-0.013775,-0.10625,"Big Valley",0.503516129,280.0887097,0.368694574,0.011595019,0.008076607,-0.004070356,-0.078371655,-0.038521725,-0.245343681,4.598452667,-68.20335088,-22.99052261,-173.9241809,-25.5557943979899,59.7954130257281
"113","395",2,74,"Parkland","05CD","2015-05-19",-11.606265,-118.802747,-0.01161,-0.118802747,-0.019175,-0.148083333,-0.013775,-0.10625,"Big Valley",0.529903226,280.8790323,0.487709905,0.008914293,-0.005812685,-0.00462513,-0.080309865,-0.03366602,-0.221594938,4.660504904,-64.69428506,-22.36693959,-168.9355167,-25.5557943979899,21.7750323223331
"114","395",3,75,"Parkland","05CD","2015-06-17",-4.80027,-80.17741,-0.0048,-0.08017741,-0.019175,-0.148083333,-0.013775,-0.10625,"Big Valley",0.511032258,287.6435484,0.926538788,0.010059432,-0.006754155,-0.004587796,-0.083094394,-0.019598538,-0.142683102,4.223774705,-59.90329141,-18.51141973,-138.0913578,-25.5557943979899,27.0682493918577
"115","396",1,103,"Parkland","05FA","2015-05-01",-18.698605,-149.291404,-0.0187,-0.149291404,-0.019316667,-0.14925,-0.013675,-0.1055,"Breton Plots",0.565903226,278.3983871,0.090869746,0.006096356,-0.016885347,-0.00521797,-0.081096154,-0.049598552,-0.289828216,4.548330062,-64.23763185,-21.50774355,-162.0619484,-25.7700436909993,35.2400557607839
"116","396",2,104,"Parkland","05FA","2015-05-14",-17.360653,-143.000483,-0.01736,-0.143000483,-0.019316667,-0.14925,-0.013675,-0.1055,"Breton Plots",0.559612903,280.1532258,0.140661905,0.006464525,-0.016558644,-0.005177876,-0.081709818,-0.046293034,-0.27407878,4.530402684,-64.35269241,-21.42977574,-161.438206,-25.7700436909993,35.8846818736935
"117","398",1,105,"Parkland","05FA","2015-05-03",-17.60233,-144.347603,-0.0176,-0.144347603,-0.019441667,-0.15,-0.013825,-0.10625,"Thorsby",0.570129032,278.7274194,0.135171932,0.005571217,-0.019765566,-0.005456164,-0.082300559,-0.046986951,-0.27921824,4.589473634,-63.57286704,-21.57229094,-162.5783276,-25.7859668731689,59.1301313527937
"118","398",2,106,"Parkland","05FA","2015-05-22",-15.213071,-134.397197,-0.01521,-0.134397197,-0.019441667,-0.15,-0.013825,-0.10625,"Thorsby",0.557774194,281.1370968,0.25791129,0.006379756,-0.017863955,-0.005328299,-0.082930646,-0.041235177,-0.254517173,4.615529717,-64.19499,-21.92218687,-165.377495,-25.7859668731689,39.2912574125692
"119","398",3,107,"Parkland","05FA","2015-06-13",-11.319841,-112.047503,-0.01132,-0.112047503,-0.019441667,-0.15,-0.013825,-0.10625,"Thorsby",0.514,286.8983871,0.394413327,0.009791225,-0.007053861,-0.00476737,-0.083865829,-0.032599002,-0.202445752,4.248237167,-63.95745827,-19.71272214,-147.7017771,-25.7859668731689,35.2285561681568
"120","398",4,108,"Parkland","05FA","2015-06-27",-10.750577,-110.248199,-0.01075,-0.110248199,-0.019441667,-0.15,-0.013825,-0.10625,"Thorsby",0.60716129,287.7790323,0.539507757,0.00215734,-0.041426982,-0.006536729,-0.088536563,-0.029908858,-0.200038607,4.686626284,-59.86696645,-21.08635259,-158.6908207,-25.7859668731689,32.3032414029692
"121","398",5,109,"Parkland","05FA","2015-07-17",-16.286757,-129.272213,-0.01629,-0.129272213,-0.019441667,-0.15,-0.013825,-0.10625,"Thorsby",0.664741935,290.5241935,0.085967987,-0.001544518,-0.058244213,-0.007691008,-0.092115232,-0.044479929,-0.250657381,4.305976381,-59.12785775,-18.71343145,-139.7074516,-25.7859668731689,50.77553342943
"122","56",1,85,"Parkland","05FA","2015-05-06",-12.756613,-122.062877,-0.01276,-0.122062877,-0.019041667,-0.147166667,-0.013375,-0.1035,"Camrose",0.638387097,279.3629032,0.44521482,0.001092526,-0.040405184,-0.006374012,-0.083492818,-0.036262059,-0.242734611,5.134517434,-56.54643454,-23.22346516,-175.7877213,-25.5027205149333,18.7937655071021
"123","56",2,86,"Parkland","05FA","2015-05-23",-8.288315,-99.937809,-0.00829,-0.099937809,-0.019041667,-0.147166667,-0.013375,-0.1035,"Camrose",0.611322581,281.5274194,0.929825453,0.002742803,-0.034136453,-0.005938387,-0.083031016,-0.024942774,-0.186250326,5.183071445,-56.97014672,-23.77417298,-180.1933838,-25.5027205149333,14.2528641949231
"124","67",1,57,"Parkland","05CD","2015-05-04",-14.669305,-131.352941,-0.01467,-0.131352941,-0.0191,-0.147583333,-0.01355,-0.10475,"Stettler",0.562935484,279.0080645,0.278164092,0.006415581,-0.01563728,-0.005021324,-0.080030402,-0.040626066,-0.25274684,4.676898966,-62.74283318,-21.8900456,-165.1203648,-25.5896663665771,36.9040520832997
"125","67",2,58,"Parkland","05CD","2015-05-20",-10.407459,-108.991702,-0.01041,-0.108991702,-0.0191,-0.147583333,-0.01355,-0.10475,"Stettler",0.561451613,280.7758065,0.522317653,0.006385814,-0.017218889,-0.005074401,-0.080908948,-0.030965579,-0.205064716,4.673817021,-60.33726681,-21.14654162,-159.172333,-25.5896663665771,30.7285987329975
"126","90",1,59,"Parkland","05CD","2015-05-04",-16.234137,-141.910705,-0.01623,-0.141910705,-0.019125,-0.14775,-0.013625,-0.10525,"Stettler",0.562935484,279.0080645,0.244240316,0.006339063,-0.01618705,-0.00507475,-0.080393207,-0.044012213,-0.273803697,4.747389777,-64.86056892,-23.01553638,-174.124291,-25.5535507202148,21.2768038611243
"127","90",2,60,"Parkland","05CD","2015-05-20",-13.593343,-127.637161,-0.01359,-0.127637161,-0.019125,-0.14775,-0.013625,-0.10525,"Stettler",0.561451613,280.7758065,0.362312699,0.006309299,-0.017767775,-0.005127752,-0.081271099,-0.037943782,-0.242654699,4.722779329,-63.45458991,-22.41368443,-169.3094754,-25.5535507202148,36.1251299616156
"128","90",3,61,"Parkland","05CD","2015-06-16",-8.24575,-100.618109,-0.00825,-0.100618109,-0.019125,-0.14775,-0.013625,-0.10525,"Stettler",0.542645161,287.05,0.734105767,0.007362848,-0.01796278,-0.005050961,-0.083581539,-0.025950918,-0.1814466,4.566344463,-62.94576718,-21.24434627,-159.9547701,-25.5535507202148,26.3222780693202
"129","90",4,62,"Parkland","05CD","2015-06-27",-6.686003,-92.407139,-0.00669,-0.092407139,-0.019125,-0.14775,-0.013625,-0.10525,"Stettler",0.637225806,287.8209677,1.5,0.000411023,-0.048672551,-0.006850803,-0.088370047,-0.018692403,-0.157825819,5.450465112,-55.9435274,-25.86492451,-196.919396,-25.5535507202148,-2.61032372740374
"130","90",5,63,"Parkland","05CD","2015-07-24",-9.948575,-97.447225,-0.00995,-0.097447225,-0.019125,-0.14775,-0.013625,-0.10525,"Stettler",0.664645161,291.3725806,0.441621032,-0.001376913,-0.0576874,-0.0074735,-0.090911706,-0.026334467,-0.165466123,4.151425788,-56.14053841,-17.18572509,-127.4858007,-25.5535507202148,70.1495582026928
"131","Baron-01",1,136,"Restored","","2015-05-05",-10.52533,-112.325527,-0.01053,-0.112325527,-0.019116667,-0.147666667,-0.01355,-0.10475,"Stettler",0.554548387,279.333871,0.569948364,0.007091632,-0.012655112,-0.004880785,-0.07977979,-0.031483117,-0.213127698,4.810843638,-61.66734349,-22.47219495,-169.7775596,-25.5896663665771,23.7829403190614
"132","Baron-01",2,137,"Restored","","2015-05-20",-6.933024,-93.94986,-0.00693,-0.09394986,-0.019116667,-0.147666667,-0.01355,-0.10475,"Stettler",0.561451613,280.7758065,0.96930051,0.006385814,-0.017218889,-0.005081896,-0.080949661,-0.023226576,-0.174276216,4.929032599,-59.79166409,-22.7262797,-171.8102376,-25.5896663665771,25.8933372541904
"133","Beltz-03",1,138,"Restored","","2015-05-06",-14.756691,-131.658249,-0.01476,-0.131658249,-0.019166667,-0.148,-0.01365,-0.1055,"Stettler",0.557483871,279.433871,0.270483579,0.006731659,-0.014806932,-0.005021068,-0.080582456,-0.040627389,-0.251426642,4.630092011,-63.31809092,-21.75670409,-164.0536327,-25.6808052062988,-1.28327274071681
"134","Beltz-03",2,139,"Restored","","2015-05-26",-11.782531,-116.43256,-0.01178,-0.11643256,-0.019166667,-0.148,-0.01365,-0.1055,"Stettler",0.509774194,282.733871,0.401794585,0.010801631,0.001670791,-0.004259159,-0.079865004,-0.034131804,-0.215125059,4.415415297,-64.4189678,-20.76083395,-156.0866716,-25.6808052062988,32.6171112324579
"135","Beltz-03",3,140,"Restored","","2015-06-18",-9.432393,-106.363457,-0.00943,-0.106363457,-0.019166667,-0.148,-0.01365,-0.1055,"Stettler",0.560677419,287.4596774,0.650027368,0.005800157,-0.025367507,-0.005439032,-0.084895827,-0.028032234,-0.192224817,4.61564772,-62.837899,-21.52196136,-162.1756909,-25.6808052062988,40.8947794593411
"136","Beltz-03",4,141,"Restored","","2015-06-24",-8.668807,-104.510257,-0.00867,-0.104510257,-0.019166667,-0.148,-0.01365,-0.1055,"Stettler",0.631322581,287.4274194,1.103362607,0.000775408,-0.047085791,-0.006758258,-0.088196006,-0.024227164,-0.188046973,5.369662179,-57.95528591,-25.83519325,-196.681546,-25.6808052062988,34.568291772536
"137","Beltz-03",5,142,"Restored","","2015-07-23",-7.50566,-93.874688,-0.00751,-0.093874688,-0.019166667,-0.148,-0.01365,-0.1055,"Stettler",0.663903226,291.3564516,1.361401795,-0.001360136,-0.057773954,-0.00749034,-0.091132787,-0.019223773,-0.155416053,5.253761102,-54.41894213,-23.45715159,-177.6572127,-25.6808052062988,18.4829990858352
"138","Bergq-07",1,143,"Restored","","2015-05-01",-14.635685,-130.26451,-0.01464,-0.13026451,-0.019125,-0.148,-0.013425,-0.10375,"New Sarepta",0.59216129,278.2306452,0.273147731,0.004307959,-0.024647019,-0.005493917,-0.080879217,-0.040990178,-0.256333364,4.784364358,-60.2214158,-21.83749144,-164.6999315,-25.7307504018148,31.6377208596773
"139","Bergq-07",2,144,"Restored","","2015-05-23",-10.819844,-110.590622,-0.01082,-0.110590622,-0.019125,-0.148,-0.013425,-0.10375,"New Sarepta",0.544032258,281.4596774,0.464500217,0.007938064,-0.009942888,-0.004713875,-0.080008855,-0.032186274,-0.208257935,4.571097162,-61.13135071,-20.74463876,-155.9571101,-25.7307504018148,40.5185501006054
"140","Bergq-07",3,145,"Restored","","2015-06-14",-7.225893,-92.8816,-0.00723,-0.0928816,-0.019125,-0.148,-0.013425,-0.10375,"New Sarepta",0.505387097,287.2919355,0.685172408,0.011010758,-0.000942552,-0.004262885,-0.081327018,-0.024979284,-0.169138256,4.29632296,-61.819185,-19.39131955,-145.1305564,-25.7307504018148,51.5160038584878
"141","Bergq-07",4,146,"Restored","","2015-06-27",-5.15747,-84.060731,-0.00516,-0.084060731,-0.019125,-0.148,-0.013425,-0.10375,"New Sarepta",0.598,288.0112903,1.492534112,0.003182431,-0.03622632,-0.006005994,-0.085842314,-0.017071116,-0.143986494,5.031078759,-58.10036461,-22.9377471,-173.5019768,-25.7307504018148,22.6967329144177
"142","Bergq-07",5,147,"Restored","","2015-08-07",-5.466666,-80.547025,-0.00547,-0.080547025,-0.019125,-0.148,-0.013425,-0.10375,"New Sarepta",0.715419355,290.4758065,1.5,-0.003758921,-0.066184388,-0.008238472,-0.091822177,-0.009628387,-0.112018603,7.56821684,-39.14887889,-113.8276881,-900.6215047,-25.7307504018148,-715.900573484679
"143","Busen-01",1,148,"Restored","","2015-05-01",-16.186251,-139.729701,-0.01619,-0.139729701,-0.01915,-0.148083333,-0.01345,-0.10375,"New Sarepta",0.59216129,278.2306452,0.223569427,0.00428251,-0.024647019,-0.005519179,-0.080917205,-0.044660311,-0.277096549,4.824915661,-61.61431644,-22.55509108,-170.4407286,NA,NA
"144","Busen-01",2,149,"Restored","","2015-05-24",-10.268136,-114.213271,-0.01027,-0.114213271,-0.01915,-0.148083333,-0.01345,-0.10375,"New Sarepta",0.528548387,281.933871,0.627066976,0.009270734,-0.003902709,-0.004466437,-0.079515715,-0.031156951,-0.214245433,4.789218068,-65.02800144,-23.36751702,-176.9401361,NA,NA
"145","Caine-01",1,150,"Restored","","2015-05-04",-12.27786,-121.03987,-0.01228,-0.12103987,-0.019125,-0.147833333,-0.01355,-0.10475,"Stettler",0.562935484,279.0080645,0.446030333,0.006415581,-0.01563728,-0.00503253,-0.080152408,-0.035294008,-0.231614629,4.804671892,-62.03849917,-22.54494585,-170.3595668,-25.5896663665771,25.2890771544092
"146","Caine-01",2,151,"Restored","","2015-05-21",-8.400725,-102.393204,-0.0084,-0.102393204,-0.019125,-0.147833333,-0.01355,-0.10475,"Stettler",0.558709677,280.9467742,0.804453609,0.006598703,-0.016351675,-0.005040599,-0.080974955,-0.026549521,-0.191410616,4.904670003,-61.19397597,-23.00044779,-174.0035823,-25.5896663665771,21.5057336120624
"147","Colli-02",1,152,"Restored","","2015-05-07",-15.260564,-133.915088,-0.01526,-0.133915088,-0.01925,-0.14875,-0.013875,-0.10725,"Delburne",0.523064516,279.8306452,0.238270712,0.009563787,-0.002273205,-0.004528441,-0.080194499,-0.041192368,-0.249734203,4.466198901,-65.76089277,-21.43892388,-161.511391,-25.7201277414958,47.1469033797905
"148","Colli-02",2,153,"Restored","","2015-05-25",-11.3797,-112.546985,-0.01138,-0.112546985,-0.01925,-0.14875,-0.013875,-0.10725,"Delburne",0.531903226,282.1435484,0.406270271,0.008505272,-0.009554477,-0.004814497,-0.082014463,-0.032930966,-0.207402928,4.401470562,-62.45825001,-20.13551681,-151.0841345,-25.7201277414958,56.9494159853099
"149","Colli-02",3,154,"Restored","","2015-06-17",-6.622346,-88.302746,-0.00662,-0.088302746,-0.01925,-0.14875,-0.013875,-0.10725,"Delburne",0.555,287.1725806,0.816970207,0.006055714,-0.024924244,-0.005483564,-0.085829021,-0.021742212,-0.153779341,4.329829192,-59.63927675,-18.97439667,-141.7951733,-25.7201277414958,36.1431632898131
"150","Colli-02",4,155,"Restored","","2015-06-23",-4.499448,-85.852678,-0.0045,-0.085852678,-0.01925,-0.14875,-0.013875,-0.10725,"Delburne",0.625709677,287.2854839,1.5,0.000911702,-0.04732504,-0.006820998,-0.089279331,-0.013198392,-0.14046603,6.27855684,-57.59917222,-39.26889588,-304.151167,-25.7201277414958,-114.382625786637
"151","Forbs-10",1,156,"Restored","","2015-05-02",-13.505779,-130.467108,-0.01351,-0.130467108,-0.019108333,-0.147666667,-0.01345,-0.10375,"New Sarepta",0.584032258,278.4080645,0.444945999,0.004884686,-0.021901853,-0.005351306,-0.080362381,-0.038232197,-0.255455835,5.055728891,-62.16421068,-24.51004273,-186.0803418,-25.5902010599772,21.3273293183999
"152","Forbs-10",2,157,"Restored","","2015-05-23",-8.626932,-104.227864,-0.00863,-0.104227864,-0.019108333,-0.147666667,-0.01345,-0.10375,"New Sarepta",0.544032258,281.4596774,0.762684806,0.007912523,-0.009942888,-0.004719684,-0.079839683,-0.027472673,-0.195720835,4.855625924,-62.32381227,-23.0010204,-174.0081632,-25.5902010599772,8.89736771772414
"153","Forbs-10",3,158,"Restored","","2015-06-13",-4.03863,-78.638834,-0.00404,-0.078638834,-0.019108333,-0.147666667,-0.01345,-0.10375,"New Sarepta",0.49416129,287.3177419,1.027670248,0.01213384,0.00431033,-0.004059906,-0.080646143,-0.019069929,-0.144075831,4.35377943,-61.0495651,-19.48581106,-145.8864885,-25.5902010599772,50.2824456515934
"154","Gilbe-02",1,159,"Restored","","2015-05-05",-15.859596,-133.20263,-0.01586,-0.13320263,-0.0191,-0.147666667,-0.01355,-0.10475,"Stettler",0.554548387,279.333871,0.169304363,0.007091632,-0.012655112,-0.004873172,-0.07977979,-0.043150789,-0.255118964,4.467307031,-62.35114049,-20.48044965,-153.8435972,-25.5896663665771,42.4365307228168
"155","Gilbe-02",2,160,"Restored","","2015-05-20",-13.906555,-124.25136,-0.01391,-0.12425136,-0.0191,-0.147666667,-0.01355,-0.10475,"Stettler",0.561451613,280.7758065,0.26505995,0.006385814,-0.017218889,-0.005074401,-0.080949661,-0.038749058,-0.236299054,4.510947759,-61.50407668,-20.49383951,-153.9507161,-25.5896663665771,42.3253161792213
"156","Gilbe-02",3,161,"Restored","","2015-06-17",-10.888147,-108.704407,-0.01089,-0.108704407,-0.0191,-0.147666667,-0.01355,-0.10475,"Stettler",0.546322581,287.3016129,0.41236688,0.007103043,-0.019113714,-0.005078255,-0.083566837,-0.031601573,-0.197804017,4.301923773,-61.85645711,-19.43076689,-145.4461351,-25.5896663665771,26.6898397242772
"157","Gilbe-02",4,162,"Restored","","2015-06-25",-9.784391,-106.043686,-0.00978,-0.106043686,-0.0191,-0.147666667,-0.01355,-0.10475,"Stettler",0.637193548,287.5241935,0.724671553,0.000505736,-0.047912702,-0.006782856,-0.087898616,-0.02716208,-0.192933676,4.998825856,-57.15516913,-22.37629871,-169.0103897,-25.5896663665771,46.9298126255594
"158","Gilbe-02",5,163,"Restored","","2015-07-21",-8.801303,-97.133728,-0.0088,-0.097133728,-0.0191,-0.147666667,-0.01355,-0.10475,"Stettler",0.65683871,291.333871,0.760386931,-0.000859401,-0.055356815,-0.007271047,-0.090204324,-0.023449743,-0.166022419,4.702382029,-55.75276614,-19.9394735,-149.515788,-25.5896663665771,51.1550676659499
"159","Grand-06",1,164,"Restored","","2015-05-05",-13.647199,-123.45265,-0.01365,-0.12345265,-0.019108333,-0.147583333,-0.013625,-0.10525,"Stettler",0.554548387,279.333871,0.285065439,0.007015062,-0.013206548,-0.004918569,-0.080015632,-0.038221929,-0.234950596,4.537614759,-61.51420854,-20.65460761,-155.2368609,NA,NA
"160","Grand-06",2,165,"Restored","","2015-05-26",-10.53871,-109.931044,-0.01054,-0.109931044,-0.019108333,-0.147583333,-0.013625,-0.10525,"Stettler",0.509774194,282.733871,0.470393541,0.010827251,0.001950744,-0.004217099,-0.079510574,-0.031689784,-0.203424523,4.420540709,-63.33854493,-20.48872161,-153.9097729,NA,NA
"161","Grand-06",3,166,"Restored","","2015-06-20",-8.644071,-99.290477,-0.00864,-0.099290477,-0.019108333,-0.147583333,-0.013625,-0.10525,"Stettler",0.58883871,287.5435484,0.698775457,0.003665278,-0.034589337,-0.005929365,-0.085917964,-0.025542231,-0.177021364,4.598853693,-59.55638109,-20.45086415,-153.6069132,NA,NA
"162","Grand-06",4,167,"Restored","","2015-06-24",-7.728022,-97.115177,-0.00773,-0.097115177,-0.019108333,-0.147583333,-0.013625,-0.10525,"Stettler",0.631322581,287.4274194,1.153822443,0.000800774,-0.046819465,-0.006720438,-0.087868435,-0.021780705,-0.170281528,5.207307976,-56.86268634,-23.9420193,-181.5361544,NA,NA
"163","Grand-06",5,168,"Restored","","2015-07-25",-6.953531,-89.667044,-0.00695,-0.089667044,-0.019108333,-0.147583333,-0.013625,-0.10525,"Stettler",0.671258065,291.2758065,1.5,-0.001736617,-0.059099685,-0.007586299,-0.09110126,-0.017218725,-0.143617758,5.253886485,-53.15253293,-22.99705842,-173.9764674,NA,NA
"164","Green-03",1,169,"Restored","","2015-05-04",-13.870916,-127.272246,-0.01387,-0.127272246,-0.0191,-0.147416667,-0.01355,-0.1045,"Stettler",0.562935484,279.0080645,0.319444017,0.006415581,-0.015362395,-0.005021324,-0.07980833,-0.038841277,-0.244673582,4.701455021,-62.06306485,-21.84692503,-164.7754002,NA,NA
"165","Green-03",2,170,"Restored","","2015-05-21",-10.445486,-110.492561,-0.01045,-0.110492561,-0.0191,-0.147416667,-0.01355,-0.1045,"Stettler",0.558709677,280.9467742,0.547690156,0.006598703,-0.01607699,-0.005029287,-0.080630486,-0.03108017,-0.208173645,4.734865632,-61.01321514,-21.74894113,-163.991529,NA,NA
"166","Green-03",3,171,"Restored","","2015-06-20",-5.29585,-86.122823,-0.0053,-0.086122823,-0.0191,-0.147416667,-0.01355,-0.1045,"Stettler",0.58883871,287.5435484,1.473035846,0.003741593,-0.033780107,-0.005881691,-0.085400625,-0.017719312,-0.149006502,5.063378549,-59.28691669,-23.594092,-178.752736,NA,NA
"167","Green-03",4,172,"Restored","","2015-06-25",-4.07612,-81.826257,-0.00408,-0.081826257,-0.0191,-0.147416667,-0.01355,-0.1045,"Stettler",0.637193548,287.5241935,1.5,0.000505736,-0.04764683,-0.006782856,-0.087639106,-0.011829531,-0.132915192,6.592519737,-54.92877647,-46.13121633,-359.0497306,NA,NA
"168","Green-03",5,173,"Restored","","2015-07-24",-9.044637,-97.359769,-0.00904,-0.097359769,-0.0191,-0.147416667,-0.01355,-0.1045,"Stettler",0.664645161,291.3725806,0.713598247,-0.001300982,-0.056897532,-0.007415064,-0.090290254,-0.023830435,-0.166580314,4.680088485,-55.0517691,-19.59442859,-146.7554287,NA,NA
"169","Heber-03",1,174,"Restored","","2015-05-05",-10.041561,-108.829453,-0.01004,-0.108829453,-0.019108333,-0.147666667,-0.013625,-0.10525,"Stettler",0.554548387,279.333871,0.587690375,0.007015062,-0.013206548,-0.004918569,-0.080057064,-0.030319434,-0.205538156,4.768806725,-60.95063348,-21.95802833,-165.6642267,-25.6808052062988,43.4743099827165
"170","Heber-03",2,175,"Restored","","2015-05-26",-4.786566,-82.268539,-0.00479,-0.082268539,-0.019108333,-0.147666667,-0.013625,-0.10525,"Stettler",0.509774194,282.733871,1.012376664,0.010827251,0.001950744,-0.004217099,-0.079555971,-0.020248305,-0.152645979,4.552726866,-60.46097731,-20.43962708,-153.5170167,-25.6808052062988,30.8795373896202
"171","Heber-03",3,176,"Restored","","2015-06-16",-3.032692,-72.817803,-0.00303,-0.072817803,-0.019108333,-0.147666667,-0.013625,-0.10525,"Stettler",0.542645161,287.05,1.442102582,0.007362848,-0.01796278,-0.00504315,-0.083539407,-0.014812793,-0.126460427,4.552623803,-59.02335288,-20.02199613,-150.1759691,-25.6808052062988,46.938458107653
"172","Heber-03",4,177,"Restored","","2015-06-24",-2.300105,-69.267176,-0.0023,-0.069267176,-0.019108333,-0.147666667,-0.013625,-0.10525,"Stettler",0.631322581,287.4274194,1.5,0.000800774,-0.046819465,-0.006720438,-0.087902383,-0.007407164,-0.101922387,6.394001488,-54.56097258,-40.19989563,-311.599165,-25.6808052062988,-120.432357484636
"173","Heber-03",5,178,"Restored","","2015-07-29",-4.114402,-74.070396,-0.00411,-0.074070396,-0.019108333,-0.147666667,-0.013625,-0.10525,"Stettler",0.696483871,290.3177419,1.5,-0.003021198,-0.063916223,-0.008023073,-0.091911493,-0.006523026,-0.094293372,8.380752897,-39.62550159,130.3351911,1052.681529,-25.6808052062988,1294.1151058478
"174","Hille-03",1,179,"Restored","","2015-05-04",-11.883551,-111.851241,-0.01188,-0.111851241,-0.0191,-0.147666667,-0.01355,-0.10475,"Stettler",0.562935484,279.0080645,0.338364825,0.006415581,-0.01563728,-0.005021324,-0.080071071,-0.034401614,-0.21278648,4.481705421,-58.6085806,-19.50052193,-146.0041754,-25.5679747263591,50.4864832428986
"175","Hille-03",2,180,"Restored","","2015-05-20",-9.941184,-103.774369,-0.00994,-0.103774369,-0.0191,-0.147666667,-0.01355,-0.10475,"Stettler",0.561451613,280.7758065,0.494778414,0.006385814,-0.017218889,-0.005074401,-0.080949661,-0.029920369,-0.194385581,4.535012028,-58.69634945,-19.82585509,-148.6068408,-25.5679747263591,47.7794284569832
"176","Hille-03",3,181,"Restored","",NA,-7.502151,-90.189489,-0.0075,-0.090189489,-0.0191,-0.147666667,-0.01355,-0.10475,"Stettler",NA,NA,NA,NA,NA,NA,NA,NA,NA,NA,NA,NA,NA,-25.5679747263591,NA
"177","Hille-03",4,182,"Restored","","2015-06-25",-6.523115,-88.412935,-0.00652,-0.088412935,-0.0191,-0.147666667,-0.01355,-0.10475,"Stettler",0.637193548,287.5241935,1.342739871,0.000505736,-0.047912702,-0.006782856,-0.087898616,-0.018392938,-0.148949753,5.098722821,-55.16926221,-22.46226685,-169.6981348,-25.5679747263591,25.8421901116774
"178","Hille-03",5,183,"Restored","","2015-07-20",-6.226984,-83.94628,-0.00623,-0.08394628,-0.0191,-0.147666667,-0.01355,-0.10475,"Stettler",0.655967742,291.15,1.362977003,-0.000800614,-0.055038243,-0.007249357,-0.090101886,-0.016207404,-0.131405262,4.756646171,-54.31237436,-19.82897265,-148.6317812,-25.5679747263591,47.7534876468968
"179","Holt-04",1,184,"Restored","","2015-05-03",-16.056269,-139.503067,-0.01606,-0.139503067,-0.019141667,-0.147833333,-0.01355,-0.10425,"Ferintosh",0.593580645,278.2854839,0.237167076,0.004070665,-0.025754848,-0.005605076,-0.081208301,-0.044223277,-0.276166848,4.852552543,-61.57107316,-22.73940205,-171.9152164,-25.5417881011963,-55.72625727215
"180","Holt-04",2,185,"Restored","","2015-05-27",-11.696256,-118.087204,-0.0117,-0.118087204,-0.019141667,-0.147833333,-0.01355,-0.10425,"Ferintosh",0.512,283.2596774,0.444426975,0.010628266,0.001228688,-0.004264116,-0.079553807,-0.03400603,-0.218936188,4.521153352,-65.18970978,-21.61340162,-162.907213,-25.5417881011963,23.3692092250757
"181","Holt-04",3,186,"Restored","","2015-06-16",-8.852908,-102.072097,-0.00885,-0.102072097,-0.019141667,-0.147833333,-0.01355,-0.10425,"Ferintosh",0.546225806,287.2241935,0.646307729,0.007117737,-0.01843975,-0.005092457,-0.083334062,-0.027222689,-0.185195337,4.524282646,-62.03219558,-20.72441118,-155.7952894,-25.5417881011963,32.7589717900735
"182","Holt-04",4,187,"Restored","","2015-06-26",-7.927991,-97.818402,-0.00793,-0.097818402,-0.019141667,-0.147833333,-0.01355,-0.10425,"Ferintosh",0.653322581,287.5983871,1.313288046,-0.000467275,-0.05152958,-0.007100954,-0.08841316,-0.021475503,-0.172390603,5.5053104,-54.16129053,-25.7191478,-195.7531824,-25.5417881011963,40.1722985808573
"183","Holt-04",5,188,"Restored","","2015-07-27",-9.018702,-98.104256,-0.00902,-0.098104256,-0.019141667,-0.147833333,-0.01355,-0.10425,"Ferintosh",0.751387097,290.3758065,1.5,-0.00552096,-0.073200205,-0.008989873,-0.09363371,-0.019259963,-0.164161947,6.450969918,-39.91650734,-32.22436279,-247.7949023,-25.5417881011963,-1.47900961313698
"184","Hwy53-02",1,189,"Restored","","2015-05-04",-10.121178,-105.7258,-0.01012,-0.1057258,-0.019108333,-0.147666667,-0.01355,-0.10475,"Ferintosh",0.584064516,278.5887097,0.534674262,0.00476587,-0.023209363,-0.005418445,-0.081043687,-0.030129781,-0.200781651,4.750469461,-57.65104906,-20.81871465,-156.5497172,-25.5227629343669,39.2895801090679
"185","Hwy53-02",2,190,"Restored","","2015-05-21",-8.625276,-97.634463,-0.00863,-0.097634463,-0.019108333,-0.147666667,-0.01355,-0.10475,"Ferintosh",0.569870968,280.8435484,0.628351688,0.00569551,-0.020524007,-0.005243837,-0.081442217,-0.026786108,-0.181461573,4.617019785,-57.78958225,-20.03842114,-150.3073691,-25.5227629343669,45.8068185633618
"186","Hwy53-02",3,191,"Restored","","2015-06-18",-7.024909,-87.378391,-0.00702,-0.087378391,-0.019108333,-0.147666667,-0.01355,-0.10475,"Ferintosh",0.564193548,287.6177419,0.697973148,0.005608641,-0.025955031,-0.005428856,-0.084552691,-0.022671484,-0.153535853,4.226913107,-57.70546099,-17.94431533,-133.5545227,-25.5227629343669,63.2973996554591
"187","Hwy53-02",4,192,"Restored","","2015-06-25",-6.440565,-86.870709,-0.00644,-0.086870709,-0.019108333,-0.147666667,-0.01355,-0.10475,"Ferintosh",0.648870968,287.4951613,1.414643984,-0.000199365,-0.050881251,-0.007002691,-0.088429805,-0.017544407,-0.143647929,5.113034814,-53.9427648,-22.14878278,-167.1902622,-25.5227629343669,28.1804640487963
"188","Hwy53-02",5,193,"Restored","","2015-08-04",-5.617942,-81.849426,-0.00562,-0.081849426,-0.019108333,-0.147666667,-0.01355,-0.10475,"Ferintosh",0.754032258,289.8564516,1.5,-0.005619184,-0.073969722,-0.009018201,-0.093943877,-0.005622424,-0.103042797,8744.365254,49061.4833,-5.614632845,-34.91706276,-25.5227629343669,166.2784956029
"189","Kerbe-02",1,194,"Restored","","2015-05-06",-12.326681,-116.478018,-0.01233,-0.116478018,-0.019225,-0.1485,-0.013775,-0.1065,"Big Valley",0.50516129,279.8983871,0.330773106,0.011445183,0.00725742,-0.004117935,-0.078703621,-0.035408488,-0.216945455,4.353293793,-62.80190553,-19.96374301,-149.7099441,-25.635534286499,47.8207063821339
"190","Kerbe-02",2,195,"Restored","","2015-05-25",-10.565945,-107.584336,-0.01057,-0.107584336,-0.019225,-0.1485,-0.013775,-0.1065,"Big Valley",0.492870968,282.4564516,0.415078696,0.012460205,0.009461793,-0.004012948,-0.079588776,-0.03183713,-0.198159748,4.258939165,-62.56734902,-19.39753247,-145.1802598,-25.635534286499,52.5946105446515
"191","Kerbe-02",3,196,"Restored","","2015-06-16",-8.869848,-98.813169,-0.00887,-0.098813169,-0.019225,-0.1485,-0.013775,-0.1065,"Big Valley",0.503548387,287.4370968,0.514298318,0.01082246,-0.003369342,-0.004462833,-0.082981992,-0.027888501,-0.1773596,4.130001052,-62.18005967,-18.65118328,-139.2094662,-25.635534286499,58.8873219181145
"192","Kerbe-02",4,197,"Restored","","2015-06-24",-7.223714,-95.688764,-0.00722,-0.095688764,-0.019225,-0.1485,-0.013775,-0.1065,"Big Valley",0.597290323,287.6919355,1.087453856,0.002897719,-0.038684197,-0.006230986,-0.08753525,-0.0216218,-0.166828871,4.939667587,-60.02436402,-22.88129346,-173.0503477,-25.635534286499,54.0201112507407
"193","Kerbe-02",5,198,"Restored","","2015-07-23",-7.300255,-91.164563,-0.0073,-0.091164563,-0.019225,-0.1485,-0.013775,-0.1065,"Big Valley",0.608677419,292.05,0.872861359,0.001841427,-0.045621832,-0.006602218,-0.089874781,-0.020965928,-0.151498452,4.414913467,-58.93569469,-19.22846047,-143.8276838,-25.635534286499,23.2218950678656
"194","Kinvi-03",1,199,"Restored","","2015-05-06",-9.440466,-101.25752,-0.00944,-0.10125752,-0.019283333,-0.148916667,-0.0139,-0.1075,"Delburne",0.522774194,279.6564516,0.498017922,0.0095839,-0.002157083,-0.004543321,-0.080294148,-0.029289093,-0.188290757,4.384746327,-59.86551467,-19.32520398,-144.6016319,-25.5664647420247,-49.384696095823
"195","Kinvi-03",2,200,"Restored","","2015-05-25",-7.448828,-93.035126,-0.00745,-0.093035126,-0.019283333,-0.148916667,-0.0139,-0.1075,"Delburne",0.531903226,282.1435484,0.706464683,0.008479705,-0.009831835,-0.004843791,-0.0822342,-0.02471406,-0.16966523,4.438707059,-59.96675841,-19.64644852,-147.1715881,-25.5664647420247,13.8213870069511
"196","Kinvi-03",3,201,"Restored","","2015-06-17",-5.653721,-84.276599,-0.00565,-0.084276599,-0.019283333,-0.148916667,-0.0139,-0.1075,"Delburne",0.555,287.1725806,0.97294153,0.006030209,-0.025197298,-0.005512639,-0.086049747,-0.019584568,-0.145311671,4.380119602,-59.52892325,-19.20751948,-143.6601558,-25.5664647420247,54.50618848672
"197","Kinvi-03",4,202,"Restored","","2015-06-23",-5.357535,-84.565947,-0.00536,-0.084565947,-0.019283333,-0.148916667,-0.0139,-0.1075,"Delburne",0.625709677,287.2854839,1.5,0.000886327,-0.047591821,-0.006849425,-0.0895047,-0.015399911,-0.136977178,5.22028859,-56.58520016,-23.9539975,-181.63198,-25.5664647420247,53.4974467418787
"198","Kinvi-03",5,203,"Restored","","2015-07-28",-5.116331,-80.718822,-0.00512,-0.080718822,-0.019283333,-0.148916667,-0.0139,-0.1075,"Delburne",0.682709677,290.666129,1.5,-0.002601689,-0.063589658,-0.008023622,-0.093394731,-0.010349767,-0.11262763,6.10138174,-49.47974749,-31.3279129,-240.6233032,-25.5664647420247,50.743874454956
"199","Kinvi-06",1,204,"Restored","","2015-05-06",-10.478092,-108.421233,-0.01048,-0.108421233,-0.019275,-0.148916667,-0.0139,-0.1075,"Delburne",0.522774194,279.6564516,0.466374951,0.0095839,-0.002157083,-0.004539243,-0.080294148,-0.031414205,-0.201745877,4.457998069,-61.70141323,-20.24318864,-151.9455091,-25.5664647420247,45.6288706110714
"200","Kinvi-06",2,205,"Restored","","2015-05-25",-8.44426,-97.523218,-0.00844,-0.097523218,-0.019275,-0.148916667,-0.0139,-0.1075,"Delburne",0.531903226,282.1435484,0.606732011,0.008479705,-0.009831835,-0.004839792,-0.0822342,-0.026776987,-0.178286848,4.404411065,-60.34998861,-19.5656372,-146.5250976,-25.5664647420247,51.4365549008918
"201","Kinvi-06",3,206,"Restored","","2015-06-17",-6.406038,-88.052076,-0.00641,-0.088052076,-0.019275,-0.148916667,-0.0139,-0.1075,"Delburne",0.555,287.1725806,0.86945853,0.006030209,-0.025197298,-0.005508839,-0.086049747,-0.021251253,-0.15298761,4.375340488,-60.00614347,-19.31385369,-144.5108295,-25.5664647420247,53.5947366257551
"202","Kinvi-06",4,207,"Restored","","2015-06-23",-7.591215,-92.271934,-0.00759,-0.092271934,-0.019275,-0.148916667,-0.0139,-0.1075,"Delburne",0.625709677,287.2854839,0.910039092,0.000886327,-0.047591821,-0.006846229,-0.0895047,-0.021214257,-0.155606487,4.64866099,-56.98859708,-19.98860661,-149.9088529,-25.5664647420247,47.8110400653959
"203","Kinvi-06",5,208,"Restored","","2015-07-28",-7.171996,-90.979008,-0.00717,-0.090979008,-0.019275,-0.148916667,-0.0139,-0.1075,"Delburne",0.682709677,290.666129,1.5,-0.002601689,-0.063589658,-0.008020914,-0.093394731,-0.016656996,-0.142000851,5.378082164,-52.41815889,-23.80629859,-180.4503887,-25.5664647420247,15.0873995760198
"204","Labyr-02",1,209,"Restored","","2015-05-01",-11.374483,-109.250225,-0.01137,-0.109250225,-0.019125,-0.147833333,-0.01345,-0.10375,"New Sarepta",0.59216129,278.2306452,0.38672588,0.00428251,-0.024647019,-0.005508721,-0.080803239,-0.033137327,-0.210235669,4.639313038,-56.50123576,-19.78798874,-148.3039099,-25.6334387461344,47.9786546962292
"205","Labyr-56",1,210,"Restored","","2015-05-03",-18.008945,-148.456835,-0.01801,-0.148456835,-0.0191,-0.14775,-0.013425,-0.10375,"New Sarepta",0.578580645,278.5919355,0.142499713,0.005318284,-0.020088191,-0.005235457,-0.080193511,-0.048656574,-0.292739154,4.707942841,-63.66678443,-22.377128,-169.017024,NA,NA
"206","Labyr-56",2,211,"Restored","","2015-05-23",-14.403318,-128.330559,-0.0144,-0.128330559,-0.0191,-0.14775,-0.013425,-0.10375,"New Sarepta",0.544032258,281.4596774,0.260859681,0.007938064,-0.009942888,-0.004702188,-0.079881976,-0.039844054,-0.243212487,4.515079587,-63.31341295,-21.03732776,-158.2986221,NA,NA
"207","Labyr-56",3,212,"Restored","","2015-06-16",-8.305704,-101.444465,-0.00831,-0.101444465,-0.0191,-0.14775,-0.013425,-0.10375,"New Sarepta",0.502774194,287.5274194,0.666194356,0.011250402,-7.24e-05,-0.004212944,-0.081199964,-0.027141423,-0.184601331,4.415856825,-64.74869478,-20.85538751,-156.8431,NA,NA
"208","Labyr-56",4,213,"Restored","","2015-06-27",-3.863954,-85.442493,-0.00386,-0.085442493,-0.0191,-0.14775,-0.013425,-0.10375,"New Sarepta",0.598,288.0112903,1.5,0.003182431,-0.03622632,-0.005995697,-0.08573134,-0.013915008,-0.147099293,6.13194926,-61.77316886,-38.42142364,-297.3713891,NA,NA
"209","Mika-10",1,214,"Restored","","2015-05-03",-14.163019,-129.21299,-0.01416,-0.12921299,-0.019091667,-0.1475,-0.013625,-0.10525,"Stettler",0.570870968,278.7370968,0.314258691,0.005714529,-0.018967428,-0.005202843,-0.080577919,-0.039443907,-0.248963089,4.736218192,-62.1481404,-22.1056874,-166.8454992,-25.5178737640381,28.6910164165361
"210","Mika-10",2,215,"Restored","","2015-05-27",-8.883332,-105.511461,-0.00888,-0.105511461,-0.019091667,-0.1475,-0.013625,-0.10525,"Stettler",0.504354839,283.2241935,0.661857626,0.011325117,0.003836638,-0.004129284,-0.079467107,-0.02844185,-0.194814379,4.565157003,-64.97286681,-21.82715975,-164.617278,-25.5178737640381,31.0329873776861
"211","Mika-10",3,216,"Restored","","2015-06-17",-6.543904,-91.31472,-0.00654,-0.09131472,-0.019091667,-0.1475,-0.013625,-0.10525,"Stettler",0.546322581,287.3016129,0.912901998,0.007026473,-0.019661543,-0.005115356,-0.083756436,-0.022156202,-0.162575137,4.563236091,-61.47115597,-20.79606218,-156.3684975,-25.5178737640381,39.7028647383444
"212","Mika-10",4,217,"Restored","","2015-06-24",-5.467489,-87.954976,-0.00547,-0.087954976,-0.019091667,-0.1475,-0.013625,-0.10525,"Stettler",0.631322581,287.4274194,1.5,0.000800774,-0.046819465,-0.006714142,-0.087834487,-0.015798347,-0.147795768,5.793839987,-56.26267127,-30.03529702,-230.2823762,-25.5178737640381,-37.984286603813
"213","Mika-10",5,218,"Restored","","2015-07-19",-10.529127,-102.315418,-0.01053,-0.102315418,-0.019091667,-0.1475,-0.013625,-0.10525,"Stettler",0.660387097,290.9758065,0.436498184,-0.001119284,-0.056476416,-0.00737153,-0.090496509,-0.02817084,-0.179122474,4.353934061,-56.46849234,-18.2301948,-135.8415584,-25.5178737640381,61.2776954387149
"214","Ozmen-05",1,219,"Restored","","2015-05-02",-16.674909,-144.383928,-0.01667,-0.144383928,-0.019066667,-0.14725,-0.013375,-0.103,"Camrose",0.652870968,278.5145161,0.246668536,0.000242733,-0.043317366,-0.006631751,-0.083628509,-0.047262609,-0.303893306,5.213984127,-57.46681261,-24.2162341,-183.7298728,-25.6027304331462,11.3389507621769
"215","Ozmen-05",2,220,"Restored","","2015-05-24",-12.617904,-124.053029,-0.01262,-0.124053029,-0.019066667,-0.14725,-0.013375,-0.103,"Camrose",0.598935484,281.933871,0.480322754,0.003585986,-0.030006321,-0.005728485,-0.082312881,-0.035826728,-0.240809366,5.031141801,-60.56001948,-23.7667193,-180.1337544,-25.6027304331462,15.0151423699137
"216","Ozmen-05",3,221,"Restored","","2015-06-15",-9.842123,-109.022372,-0.00984,-0.109022372,-0.019066667,-0.14725,-0.013375,-0.103,"Camrose",0.598354839,287.1564516,0.70853739,0.003265296,-0.034760585,-0.00592586,-0.084699921,-0.028576943,-0.202036836,4.964228376,-60.17436478,-23.11582473,-174.9265978,-25.6027304331462,20.3382444251863
"217","Ozmen-05",4,222,"Restored","","2015-06-26",-9.239856,-106.029712,-0.00924,-0.106029712,-0.019066667,-0.14725,-0.013375,-0.103,"Camrose",0.684612903,288.0112903,1.399726407,-0.002053506,-0.057760662,-0.007551375,-0.088925962,-0.024292119,-0.196362421,6.001328283,-50.57743867,-30.30884869,-232.4707896,-25.6027304331462,-38.4872587974036
"218","Parlb-01",1,223,"Restored","","2015-05-03",-18.267602,-146.771888,-0.01827,-0.146771888,-0.019116667,-0.147583333,-0.013625,-0.10525,"Prentiss",0.516129032,278.6274194,0.100577974,0.010623569,0.005157761,-0.004135166,-0.077408456,-0.047599685,-0.2759003,4.402652597,-66.33542505,-21.21992026,-159.7593621,-25.6038901011149,43.0069800092366
"219","Parlb-01",2,224,"Restored","","2015-05-27",-14.45911,-128.147448,-0.01446,-0.128147448,-0.019116667,-0.147583333,-0.013625,-0.10525,"Prentiss",0.477451613,283.033871,0.240667171,0.014264136,0.01827916,-0.003617187,-0.07799885,-0.039358,-0.233976597,4.250508017,-66.68510207,-20.45213123,-153.6170498,-25.6038901011149,57.6563415543156
"220","Parlb-01",3,225,"Restored","","2015-06-20",-13.64891,-118.494533,-0.01365,-0.118494533,-0.019116667,-0.147583333,-0.013625,-0.10525,"Prentiss",0.564774194,287.266129,0.212018245,0.00551318,-0.026330959,-0.005471123,-0.084653665,-0.037455972,-0.217938189,4.177256785,-61.47497789,-18.69730031,-139.5784024,-25.6038901011149,53.3501475276086
"221","Parlb-01",4,226,"Restored","","2015-06-26",-13.385904,-118.034958,-0.01339,-0.118034958,-0.019116667,-0.147583333,-0.013625,-0.10525,"Prentiss",0.623870968,287.2048387,0.248790048,0.001288503,-0.044621689,-0.006576081,-0.087424892,-0.036795818,-0.221214803,4.408299041,-59.00783384,-19.21313456,-143.7050765,-25.6038901011149,62.5610786797135
"222","Parlb-01",5,227,"Restored","","2015-07-22",-12.897627,-112.594461,-0.0129,-0.112594461,-0.019116667,-0.147583333,-0.013625,-0.10525,"Prentiss",0.663935484,290.7274194,0.235914094,-0.001306693,-0.057132407,-0.007437844,-0.090594483,-0.034983323,-0.207051204,4.277288387,-57.41744081,-18.10976724,-134.8781379,-25.6038901011149,36.5974627374441
"223","Pearl-06",1,228,"Restored","","2015-05-02",-14.401431,-130.36859,-0.0144,-0.13036859,-0.019041667,-0.147083333,-0.01335,-0.10325,"Camrose",0.652870968,278.5145161,0.334287714,0.000268078,-0.043584,-0.006606529,-0.083727084,-0.040932363,-0.267337294,5.162325784,-56.0310987,-23.2694431,-176.1555448,-25.6337706247966,19.2475714258602
"224","Pearl-06",2,229,"Restored","","2015-05-24",-7.133565,-95.956302,-0.00713,-0.095956302,-0.019041667,-0.147083333,-0.01335,-0.10325,"Camrose",0.598935484,281.933871,1.178338553,0.003611415,-0.030276665,-0.005703232,-0.082388258,-0.022511545,-0.17749572,5.301120074,-58.15931587,-25.25466777,-192.0373422,-25.6337706247966,3.08620916472729
"225","Pearl-06",3,230,"Restored","","2015-06-14",-11.566095,-111.569418,-0.01157,-0.111569418,-0.019041667,-0.147083333,-0.01335,-0.10325,"Camrose",0.597903226,287.1306452,0.391168497,0.003324273,-0.034868168,-0.00589124,-0.084743276,-0.03282395,-0.207440093,4.510722686,-59.38035653,-19.88387574,-149.0710059,-25.6337706247966,46.8088753887146
"226","Retta-09",1,231,"Restored","","2015-05-01",-16.673725,-140.933051,-0.01667,-0.140933051,-0.019125,-0.148,-0.013425,-0.10375,"New Sarepta",0.59216129,278.2306452,0.185795923,0.004307959,-0.024647019,-0.005493917,-0.080879217,-0.045843219,-0.279736262,4.757898306,-61.61888625,-22.0902652,-166.7221216,-25.7307504018148,30.0937956718888
"227","Retta-09",2,232,"Restored","","2015-05-23",-10.383958,-111.309698,-0.01038,-0.111309698,-0.019125,-0.148,-0.013425,-0.10375,"New Sarepta",0.544032258,281.4596774,0.55822816,0.007938064,-0.009942888,-0.004713875,-0.080008855,-0.031245094,-0.209674793,4.714337515,-62.37487459,-22.02748302,-166.2198642,-25.7307504018148,29.5836099623628
"228","Retta-09",3,233,"Restored","","2015-06-13",-7.219704,-86.417569,-0.00722,-0.086417569,-0.019125,-0.148,-0.013425,-0.10375,"New Sarepta",0.49416129,287.3177419,0.533227352,0.012159488,0.00431033,-0.004056191,-0.080832479,-0.025228855,-0.15799106,3.974349909,-57.72276266,-16.82281399,-124.5825119,-25.7307504018148,72.3884047778272
"229","Rum4",1,76,"Parkland","05CD","2015-05-09",-13.9602,-126.91014,-0.01396,-0.12691014,-0.019116667,-0.147833333,-0.013675,-0.10625,"Big Valley",0.503967742,280.3145161,0.283252173,0.011625849,0.007478034,-0.004010918,-0.078397052,-0.038676965,-0.235572796,4.39627819,-65.53809647,-20.9611342,-157.6890736,-25.5659745534261,32.0264097472889
"230","Rum4",2,77,"Parkland","05CD","2015-05-19",-11.429355,-116.661907,-0.01143,-0.116661907,-0.019116667,-0.147833333,-0.013675,-0.10625,"Big Valley",0.529903226,280.8790323,0.470028984,0.009016594,-0.005812685,-0.004544022,-0.080178958,-0.033402522,-0.217506479,4.58957649,-64.20304772,-21.75772232,-164.0617785,-25.5659745534261,38.7255084327746
"231","Rum4",3,78,"Parkland","05CD","2015-06-17",-7.749274,-95.102728,-0.00775,-0.095102728,-0.019116667,-0.147833333,-0.013675,-0.10625,"Big Valley",0.511032258,287.6435484,0.638598113,0.010161849,-0.006754155,-0.004507466,-0.082959354,-0.025588446,-0.170314439,4.216270311,-62.42663309,-19.14159812,-143.1327849,-25.5659745534261,74.4570965453385
"232","Rum4",4,79,"Parkland","05CD","2015-06-27",-7.183083,-96.342827,-0.00718,-0.096342827,-0.019116667,-0.147833333,-0.013675,-0.10625,"Big Valley",0.597483871,288.2016129,1.119332205,0.00295187,-0.038928212,-0.006149662,-0.087322279,-0.021614934,-0.168133007,4.973364112,-60.63407267,-23.33748601,-176.699888,-25.5659745534261,54.0273331219523
"233","Rum4",5,80,"Parkland","05CD","2015-07-21",-11.6933,-104.465698,-0.01169,-0.104465698,-0.019116667,-0.147833333,-0.013675,-0.10625,"Big Valley",0.601387097,292.033871,0.245318467,0.002435732,-0.043322435,-0.006363642,-0.089116023,-0.032162573,-0.182864619,3.829461129,-59.6992974,-16.71230015,-123.6984012,-25.5659745534261,18.7410084296583
