"","Region","Site_ID","Site_Visit","X","SbWtrshd.x","Date","O","H","Opm","Hpm","P.18O.","P.2H.","Ps.18O.","Ps.2H.","X18O_snow","X2H_snow","X18O_rain","X2H_rain","met_station","rh","temp","EI","starO","starH","sslO","sslH","EO","EH","slope","input","IO","IH","X2","per.rain","SbWtrshd.y","Y_Lat","X_Long"
"1","Grassland","101",2,77,"05CH","2014-05-30",-12.2,-125.68,-0.0122,-0.12568,-0.018483333,-0.142916667,-0.013,-0.10125,-23.76666667,-183.223,-13,-95.69,"Cabin Lake",0.565387096774194,283.843548387097,0.545289561572791,0.00637138903446158,-0.0184582561768909,-0.00470128764914559,-0.0784848656716311,-0.0353156145180542,-0.240770459951718,4.97890548667128,-64.9373530626104,-24.8047033060354,-188.437626448283,-25.0753396352132,2.24123161214121,"05CH",51.03864,-111.31664
"2","Grassland","101",3,78,"05CH","2014-06-15",-9.64,-109.26,-0.00964,-0.10926,-0.018483333,-0.142916667,-0.013,-0.10125,-23.76666667,-183.223,-13,-95.69,"Cabin Lake",0.606935483870968,286.485483870968,0.775327304997105,0.00309466379718327,-0.0348740228114472,-0.00559701377357618,-0.0818516290400128,-0.0285204683095656,-0.205952507034291,5.12129812931082,-59.8906860334437,-24.2785426115388,-184.22834089231,-25.0753396352132,6.59854751704751,"05CH",51.03864,-111.31664
"3","Grassland","101",4,79,"05CH","2014-06-26",-8.72,-100.27,-0.00872,-0.10027,-0.018483333,-0.142916667,-0.013,-0.10125,-23.76666667,-183.223,-13,-95.69,"Cabin Lake",0.658612903225806,286.611290322581,0.950367061363256,-0.000166481986638558,-0.0489817800133753,-0.00657446425151785,-0.0844501505969857,-0.0246162242946872,-0.184814158803704,5.31850565495356,-53.8926306888049,-23.8272479697131,-180.617983757705,-25.0753396352132,10.3358721427638,"05CH",51.03864,-111.31664
"4","Grassland","101",1,76,"05CH","2014-05-10",-16.65,-145.7,-0.01665,-0.1457,-0.018483333,-0.142916667,-0.013,-0.10125,-23.76666667,-183.223,-13,-95.69,"Cabin Lake",0.624451612903226,278.63064516129,0.25597328473823,0.0024290851030117,-0.0331237781760625,-0.00562553677890965,-0.0791870912422126,-0.0471064251352352,-0.301451603167386,5.11391611050229,-60.5532967601368,-24.4460311832501,-185.568249466001,-25.0753396352132,5.21151761336777,"05CH",51.03864,-111.31664
"5","Grassland","109",1,80,"05CH","2014-05-10",-13.76,-132.46,-0.01376,-0.13246,-0.018425,-0.142666667,-0.013075,-0.10175,-23.53333333,-181.326,-13.075,-96.29975,"Pollockville",0.635258064516129,278.495161290323,0.481023032613421,0.00165234450859963,-0.0368487216378901,-0.00585823202419615,-0.0799746515070899,-0.0395480811888389,-0.271449785554867,5.38969086288677,-58.2978537266781,-26.1646610187364,-199.317288149891,-24.896666208903,0,"05CH",51.01003,-111.8337
"6","Grassland","109",2,81,"05CH","2014-05-29",-9.72,-111.28,-0.00972,-0.11128,-0.018425,-0.142666667,-0.013075,-0.10175,-23.53333333,-181.326,-13.075,-96.29975,"Pollockville",0.598064516129032,283.340322580645,0.808651261799471,0.00385351186183514,-0.029749253039884,-0.0053257020189022,-0.0801462020006748,-0.0290902291762987,-0.212423825505281,5.22161222692398,-60.525929154299,-25.3837602647588,-193.070082118071,-24.896666208903,0,"05CH",51.01003,-111.8337
"7","Grassland","109",4,83,"05CH","2014-06-26",-6.79,-84.05,-0.00679,-0.08405,-0.018425,-0.142666667,-0.013075,-0.10175,-23.53333333,-181.326,-13.075,-96.29975,"Pollockville",0.663193548387097,286.624193548387,1.01618128596015,-0.000506045573095717,-0.0506365057089823,-0.00669070677782586,-0.0849189028756777,-0.0187126844283205,-0.140334120900437,4.72075909069123,-51.9960457742066,-18.9056087944678,-141.244870355742,-24.896666208903,50.6786210045694,"05CH",51.01003,-111.8337
"8","Grassland","109",5,84,"05CH","2014-08-17",-9.34,-74.16,-0.00934,-0.07416,-0.018425,-0.142666667,-0.013075,-0.10175,-23.53333333,-181.326,-13.075,-96.29975,"Pollockville",0.698967741935484,292.401612903226,0.0997055604055004,-0.00267458413437297,-0.0618305368073756,-0.00753077296247078,-0.0885689944503675,-0.0242929922147063,-0.0991051659259097,1.668239076683,-58.5786470237808,-10.8308964685064,-76.647171748051,-24.896666208903,100,"05CH",51.01003,-111.8337
"9","Grassland","109",3,82,"05CH","2014-06-16",-9.84,-104.14,-0.00984,-0.10414,-0.018425,-0.142666667,-0.013075,-0.10175,-23.53333333,-181.326,-13.075,-96.29975,"Pollockville",0.627129032258064,286.391935483871,0.596536289332552,0.00168593342802738,-0.0411371284129104,-0.00599870355414669,-0.0830194696433526,-0.0284777919899241,-0.19386623318534,4.81420938885078,-56.7681796137083,-20.9581192750213,-157.66495420017,-24.896666208903,33.3163436040475,"05CH",51.01003,-111.8337
"10","Grassland","110",1,85,"05CH","2014-05-14",-13.58,-128.64,-0.01358,-0.12864,-0.018825,-0.145583333,-0.0133,-0.10325,-24.23333333,-187.017,-13.3,-98.129,"Sheerness",0.591935483870968,278.95,0.395799297201697,0.00439640640004261,-0.0248054164260616,-0.00532160810494263,-0.0798414690355123,-0.0385586065209173,-0.252672861087768,4.96556367081174,-61.2076453503767,-23.4665149060568,-177.732119248454,-25.6936289469401,17.9698299054948,"05CH",51.53699,-111.50533
"11","Grassland","110",2,86,"05CH","2014-06-02",-9.44,-109.89,-0.00944,-0.10989,-0.018825,-0.145583333,-0.0133,-0.10325,-24.23333333,-187.017,-13.3,-98.129,"Sheerness",0.57841935483871,283.56935483871,0.79267125833096,0.00506386356728018,-0.0250072847503213,-0.00525968832316012,-0.081436698245212,-0.0284983078282108,-0.206381177116502,5.06294567105649,-62.0957928652267,-24.5469728478466,-186.375782782773,-25.6936289469401,9.25198022308556,"05CH",51.53699,-111.50533
"12","Grassland","110",3,87,"05CH","2014-06-17",-8.59,-102.54,-0.00859,-0.10254,-0.018825,-0.145583333,-0.0133,-0.10325,-24.23333333,-187.017,-13.3,-98.129,"Sheerness",0.608451612903226,286.108064516129,0.887541676084701,0.00271060499213686,-0.0371426773311537,-0.00593085221781307,-0.0841325205380962,-0.0254519328032959,-0.188063133012713,5.07196500012128,-58.9718206489582,-23.5556681022648,-178.445344818119,-25.6936289469401,17.2504829201229,"05CH",51.53699,-111.50533
"13","Grassland","110",4,88,"05CH","2014-07-01",-8.35,-95.74,-0.00835,-0.09574,-0.018825,-0.145583333,-0.0133,-0.10325,-24.23333333,-187.017,-13.3,-98.129,"Sheerness",0.658677419354839,286.914516129032,0.892827848807722,-0.000489754857984501,-0.0513195769814181,-0.00690277333717274,-0.0868926771456265,-0.0229627170087864,-0.169027505116362,5.0153236439394,-53.8620475731061,-21.3966406921908,-161.173125537526,-25.6936289469401,34.6709448309746,"05CH",51.53699,-111.50533
"14","Grassland","110",5,89,"05CH","2014-08-21",-3.78,-67.96,-0.00378,-0.06796,-0.018825,-0.145583333,-0.0133,-0.10325,-24.23333333,-187.017,-13.3,-98.129,"Sheerness",0.689064516129032,292.014516129032,1.5,-0.00238390908540279,-0.0612002790345937,-0.00761999125448,-0.0900423503879539,-0.00676757933937459,-0.0809771491500099,4.35708902470014,-51.4902034866335,-16.8794142661068,-125.035314128854,-25.6936289469401,71.1189169739463,"05CH",51.53699,-111.50533
"15","Grassland","115",2,91,"05CH","2014-06-02",-11.84,-119.72,-0.01184,-0.11972,-0.018808333,-0.145,-0.013225,-0.1025,-24.3,-187.559,-13.225,-97.51925,"Youngstown",0.592741935483871,283.772580645161,0.51663022194683,0.00405457232953781,-0.029248343915569,-0.00548975397760387,-0.0815664255538071,-0.0340199958201071,-0.229413252347916,4.94559391433584,-61.1641680542637,-23.2988561633217,-176.390849306573,-25.7198594411214,19.3759944976414,"05CH",51.50547,-111.22282
"16","Grassland","115",3,92,"05CH","2014-06-17",-10.38,-108.01,-0.01038,-0.10801,-0.018808333,-0.145,-0.013225,-0.1025,-24.3,-187.559,-13.225,-97.51925,"Youngstown",0.608774193548387,286.411290322581,0.551178107531583,0.00274514660597704,-0.0366983843824098,-0.00589610469305808,-0.0835724296464288,-0.0299923088744546,-0.20146255483505,4.76499505658783,-58.5493513126184,-21.1898752897468,-159.519002317974,-25.7198594411214,36.2547827986455,"05CH",51.50547,-111.22282
"17","Grassland","115",4,93,"05CH","2014-07-09",-8.39,-96,-0.00839,-0.096,-0.018808333,-0.145,-0.013225,-0.1025,-24.3,-187.559,-13.225,-97.51925,"Youngstown",0.693838709677419,288.775806451613,1.16767224023647,-0.00241715951689364,-0.0596582992291654,-0.00755871590683805,-0.0884843690249666,-0.0214584491810484,-0.167250578532518,5.4521066383182,-50.2568253045103,-23.6496653316512,-179.197322653209,-25.7198594411214,16.5683665288548,"05CH",51.50547,-111.22282
"18","Grassland","115",5,94,"05CH","2014-08-22",-8.65,-83.93,-0.00865,-0.08393,-0.018808333,-0.145,-0.013225,-0.1025,-24.3,-187.559,-13.225,-97.51925,"Youngstown",0.724032258064516,291.679032258064,0.445381769646264,-0.00400773346610999,-0.0670596912782724,-0.00819139220443869,-0.0907124006450815,-0.0204307574733533,-0.122650661835219,3.28677183303371,-55.4994236442584,-13.8969346112555,-101.175476890044,-25.7198594411214,94.6223115640331,"05CH",51.50547,-111.22282
"19","Grassland","115",1,90,"05CH","2014-05-11",-15.93,-140.05,-0.01593,-0.14005,-0.018808333,-0.145,-0.013225,-0.1025,-24.3,-187.559,-13.225,-97.51925,"Youngstown",0.654258064516129,277.917741935484,0.274047490359497,0.000345783281277831,-0.0426910892999007,-0.00644660462927205,-0.0822454960343129,-0.0455509248637721,-0.294513450523931,5.21467345244335,-56.9802519025775,-24.047540121044,-182.380320968352,-25.7198594411214,13.3840586839553,"05CH",51.50547,-111.22282
"20","Grassland","117",2,96,"05CH","2014-05-30",-11.63,-124.75,-0.01163,-0.12475,-0.01865,-0.143916667,-0.0132,-0.10225,-23.93333333,-184.578,-13.2,-97.316,"Pollockville",0.59858064516129,283.514516129032,0.718443284032012,0.00367717473155705,-0.0306242300812518,-0.00551011590776714,-0.0811127339033548,-0.0335226895478089,-0.241835437458722,5.3481522771806,-62.5509890163897,-27.3586557750211,-208.869246200169,-25.307061513265,0,"05CH",51.19809,-111.53913
"21","Grassland","117",3,97,"05CH","2014-06-16",-8.72,-105.79,-0.00872,-0.10579,-0.01865,-0.143916667,-0.0132,-0.10225,-23.93333333,-184.578,-13.2,-97.316,"Pollockville",0.627129032258064,286.391935483871,1.10498819069259,0.0015590638668363,-0.0416708678348904,-0.00616306997254963,-0.0838486764766497,-0.0253415652205123,-0.197105967976723,5.49382484532999,-57.8838473487225,-27.0866332794927,-206.693066235941,-25.307061513265,0,"05CH",51.19809,-111.53913
"22","Grassland","117",4,98,"05CH","2014-06-26",-7.06,-92.48,-0.00706,-0.09248,-0.01865,-0.143916667,-0.0132,-0.10225,-23.93333333,-184.578,-13.2,-97.316,"Pollockville",0.663193548387097,286.624193548387,1.5,-0.000632637506934017,-0.0511649574174661,-0.00685126389370118,-0.0857161404339058,-0.01925477569461,-0.162074063747686,5.70687526285919,-52.1894606442141,-27.1199641419225,-206.95971313538,-25.307061513265,0,"05CH",51.19809,-111.53913
"23","Grassland","117",1,95,"05CH","2014-05-10",-16.96,-147.88,-0.01696,-0.14788,-0.01865,-0.143916667,-0.0132,-0.10225,-23.93333333,-184.578,-13.2,-97.316,"Pollockville",0.635258064516129,278.495161290323,0.255718494419489,0.00152547920164766,-0.0373848481496419,-0.00602180776973944,-0.0808017159867291,-0.0478900793400184,-0.30850642110452,5.19321076867385,-59.8031453632914,-24.8693933211048,-188.955146568839,-25.307061513265,3.61498280718775,"05CH",51.19809,-111.53913
"24","Grassland","117",5,99,"05CH","2014-08-19",-13.44,-105.52,-0.01344,-0.10552,-0.01865,-0.143916667,-0.0132,-0.10225,-23.93333333,-184.578,-13.2,-97.316,"Pollockville",0.703709677419355,292.495161290323,0.0772484286989653,-0.00303970057629462,-0.0633305153696602,-0.00777683362581975,-0.0895637342915198,-0.037311861903177,-0.192932918176332,3.66175535577721,-56.3060080183542,-15.2840638221391,-112.272510577113,-25.307061513265,82.786377851837,"05CH",51.19809,-111.53913
"25","Grassland","124",1,33,"05CG","2014-05-04",-18.51,-153.85,-0.01851,-0.15385,-0.018975,-0.14675,-0.013575,-0.1055,-24.1,-185.933,-13.575,-100.36475,"Hand Hills",0.635645161290323,277.256451612903,0.159742538180115,0.00119996585430565,-0.0398850189227593,-0.00634012940998212,-0.0834640567821257,-0.0515378145267368,-0.319351160088835,5.01096310671291,-61.097072894744,-23.785946923043,-180.287575384344,-25.3247858683268,13.0967403366216,"05CG",51.31594,-112.23548
"26","Grassland","124",2,34,"05CG","2014-05-21",-15.63,-140.64,-0.01563,-0.14064,-0.018975,-0.14675,-0.013575,-0.1055,-24.1,-185.933,-13.575,-100.36475,"Hand Hills",0.611741935483871,280.06935483871,0.311116734092975,0.00261111652246779,-0.035042271248332,-0.00598305046946,-0.0834033678189694,-0.0432054084675333,-0.278959040648999,5.01602871311417,-62.2394712140255,-24.2091710236988,-183.67336818959,-25.3247858683268,9.49476745474416,"05CG",51.31594,-112.23548
"27","Grassland","124",3,35,"05CG","2014-06-07",-13.25,-127.65,-0.01325,-0.12765,-0.018975,-0.14675,-0.013575,-0.1055,-24.1,-185.933,-13.575,-100.36475,"Hand Hills",0.596387096774194,284.259677419355,0.431131954054816,0.00340041663765946,-0.0341453988029338,-0.00585634947246655,-0.0845553587194207,-0.0368469013809629,-0.243013811817537,4.88893901597638,-62.871558038313,-23.4233782020133,-177.387025616107,-25.3247858683268,16.1824878140038,"05CG",51.31594,-112.23548
"28","Grassland","124",5,37,"05CG","2014-08-16",-7.15,-86.4,-0.00715,-0.0864,-0.018975,-0.14675,-0.013575,-0.1055,-24.1,-185.933,-13.575,-100.36475,"Hand Hills",0.705677419354839,291.317741935484,1.46739191729661,-0.00346966943407254,-0.0665270093414598,-0.0081441934360459,-0.0925020092344372,-0.0156772743137356,-0.127904131594629,4.86722134970778,-51.5993673495894,-19.6628534045466,-147.302827236373,-25.3247858683268,48.1875374345566,"05CG",51.31594,-112.23548
"29","Grassland","124",4,36,"05CG","2014-06-29",-10,-108.85,-0.01,-0.10885,-0.018975,-0.14675,-0.013575,-0.1055,-24.1,-185.933,-13.575,-100.36475,"Hand Hills",0.662774193548387,286.137096774194,0.862298375478048,-0.000963730241036633,-0.0541738005656211,-0.00718828626826936,-0.0887224889996103,-0.0271109271706478,-0.200683406938151,5.36694511187464,-55.1805488812536,-24.7547247021728,-188.037797617382,-25.3247858683268,4.85167280955053,"05CG",51.31594,-112.23548
"30","Grassland","131",2,39,"05CG","2014-05-20",-15.07,-137.98,-0.01507,-0.13798,-0.018708333,-0.14475,-0.01335,-0.10375,-23.76666667,-183.223,-13.35,-98.5355,"Hand Hills",0.610516129032258,279.820967741935,0.345365583844051,0.00294232668255515,-0.0325196839722973,-0.00570497750659683,-0.0812762205277449,-0.0421559775478241,-0.275273690559914,5.06881061676664,-61.5930240053267,-24.4245644497911,-185.396515598329,-25.174633026123,6.34327149667049,"05CG",51.28776,-112.29466
"31","Grassland","131",3,40,"05CG","2014-06-05",-11.44,-121.53,-0.01144,-0.12153,-0.018708333,-0.14475,-0.01335,-0.10375,-23.76666667,-183.223,-13.35,-98.5355,"Hand Hills",0.601677419354839,283.701612903226,0.671418035100142,0.00329163509385667,-0.0334099561500484,-0.0056910096515432,-0.0826342187051223,-0.0327885518912915,-0.23272811831319,5.20869606891461,-61.9425169716169,-25.7738027630844,-196.190422104675,-25.174633026123,0,"05CG",51.28776,-112.29466
"32","Grassland","131",4,41,"05CG","2014-06-21",-8.44,-101.88,-0.00844,-0.10188,-0.018708333,-0.14475,-0.01335,-0.10375,-23.76666667,-183.223,-13.35,-98.5355,"Hand Hills",0.647064516129032,285.675806451613,1.16094933064931,0.000210123634195345,-0.0480561601579289,-0.00663283187780549,-0.0858433626002807,-0.0237045413913126,-0.185786222533263,5.49680598861729,-55.4869574560701,-26.161359110913,-199.290872887304,-25.174633026123,0,"05CG",51.28776,-112.29466
"33","Grassland","131",1,38,"05CG","2014-05-03",-18.23,-155.87,-0.01823,-0.15587,-0.018708333,-0.14475,-0.01335,-0.10375,-23.76666667,-183.223,-13.35,-98.5355,"Hand Hills",0.635548387096774,277.091935483871,0.216869007147145,0.00144534501457403,-0.0378287636742763,-0.00608893014614715,-0.0814520869132291,-0.0511848761799786,-0.327149108578524,5.19738285900714,-61.1217104802998,-25.3768912778091,-193.015130222472,-25.174633026123,0,"05CG",51.28776,-112.29466
"34","Grassland","133",4,45,"05CG","2014-06-21",-7.96,-93.89,-0.00796,-0.09389,-0.018983333,-0.146833333,-0.013575,-0.1055,-24.16666667,-186.475,-13.575,-100.36475,"Hand Hills",0.647064516129032,285.675806451613,0.922945911826022,-1.79686759629642e-05,-0.0499149068466024,-0.00687789107067331,-0.0877898758770402,-0.021974998051313,-0.162442967660361,4.89140044182446,-54.9544524830773,-20.895085155709,-157.160681245672,-25.4914658864339,38.5716769932399,"05CG",51.37127,-112.18206
"35","Grassland","133",1,42,"05CG","2014-05-04",-17.13,-146.19,-0.01713,-0.14619,-0.018983333,-0.146833333,-0.013575,-0.1055,-24.16666667,-186.475,-13.575,-100.36475,"Hand Hills",0.635645161290323,277.256451612903,0.209643238832597,0.00119996585430565,-0.0398850189227593,-0.00634324374555479,-0.0834980395885167,-0.0478453607972982,-0.30056722645328,5.02605935421275,-60.0936032623356,-23.5692677194574,-178.554141755659,-25.4914658864339,16.1306060479291,"05CG",51.37127,-112.18206
"36","Grassland","133",2,43,"05CG","2014-05-17",-14.17,-132.95,-0.01417,-0.13295,-0.018983333,-0.146833333,-0.013575,-0.1055,-24.16666667,-186.475,-13.575,-100.36475,"Hand Hills",0.611225806451613,279.13064516129,0.396536474793234,0.00271280736132446,-0.0339662195486705,-0.00593750427603043,-0.0829544766521585,-0.0396315350809442,-0.262021150232176,5.06926034985121,-61.1185808426084,-24.2664273638219,-184.131418910575,-25.4914658864339,10.2802167545886,"05CG",51.37127,-112.18206
"37","Grassland","133",3,44,"05CG","2014-06-05",-9.57,-109.12,-0.00957,-0.10912,-0.018983333,-0.146833333,-0.013575,-0.1055,-24.16666667,-186.475,-13.575,-100.36475,"Hand Hills",0.601677419354839,283.701612903226,0.798498425883659,0.00306284006228912,-0.0352973007266034,-0.00593867029305756,-0.0846082112232429,-0.0278770541651301,-0.202276390865853,5.08855166022778,-60.4225606116202,-24.1881539334233,-183.505231467386,-25.4914658864339,10.9370677970416,"05CG",51.37127,-112.18206
"38","Grassland","135",2,47,"05CG","2014-06-04",-17.06,-149.25,-0.01706,-0.14925,-0.019041667,-0.14725,-0.013625,-0.106,-24.2,-186.746,-13.625,-100.77125,"Hand Hills",0.603483870967742,283.575806451613,0.254606077873114,0.00289351866143986,-0.0362871876439007,-0.00602216976137524,-0.0851297766223038,-0.0461979385184299,-0.29292123618358,4.93072754933252,-65.1317880083872,-24.4786962434854,-185.829569947883,-25.4796021779378,8.44318450698562,"05CG",51.49275,-112.38193
"39","Grassland","135",3,48,"05CG","2014-06-22",-14.19,-134.13,-0.01419,-0.13413,-0.019041667,-0.14725,-0.013625,-0.106,-24.2,-186.746,-13.625,-100.77125,"Hand Hills",0.651,285.579032258065,0.448720364578827,-0.000298745772272349,-0.051386275186871,-0.00700267605152581,-0.0884356362610789,-0.0391360655084841,-0.265482319909787,5.26545237625205,-59.4132307809834,-25.3838076097743,-193.070460878194,-25.4796021779378,0.808079147032052,"05CG",51.49275,-112.38193
"40","Grassland","135",4,49,"05CG","2014-06-28",-14.69,-134.34,-0.01469,-0.13434,-0.019041667,-0.14725,-0.013625,-0.106,-24.2,-186.746,-13.625,-100.77125,"Hand Hills",0.658903225806452,286.046774193548,0.362531470250152,-0.000787124065684177,-0.0536948900449698,-0.00716822509278046,-0.0890134712062153,-0.0405593584458882,-0.267315083187301,5.14025438494925,-58.8296630850955,-24.0684565518161,-182.547652414528,-25.4796021779378,11.9037788442024,"05CG",51.49275,-112.38193
"41","Grassland","135",5,50,"05CG","2014-08-13",-11.63,-110.74,-0.01163,-0.11074,-0.019041667,-0.14725,-0.013625,-0.106,-24.2,-186.746,-13.625,-100.77125,"Hand Hills",0.671903225806452,291.414516129032,0.41938585811014,-0.00177809505091981,-0.060111189544455,-0.00757987967306135,-0.0915597211234823,-0.0310930526029232,-0.20039546026753,4.60644391692519,-57.16705724616,-19.7925290173197,-148.340232138558,-25.4796021779378,47.973547110692,"05CG",51.49275,-112.38193
"42","Grassland","135",1,46,"05CG","2014-05-03",-22.06,-176.06,-0.02206,-0.17606,-0.019041667,-0.14725,-0.013625,-0.106,-24.2,-186.746,-13.625,-100.77125,"Hand Hills",0.635548387096774,277.091935483871,0.0839255981628379,0.00116622124233565,-0.0402442563177718,-0.00638831993495016,-0.0839020581304444,-0.0609623544239247,-0.373130110691071,5.06576307807926,-64.3092664975715,-25.3249033649706,-192.599226919765,-25.4796021779378,1.30496840505648,"05CG",51.49275,-112.38193
"43","Grassland","142",1,51,"05CG","2014-05-04",-18.49,-155.86,-0.01849,-0.15586,-0.019033333,-0.147166667,-0.013575,-0.1055,-24.26666667,-187.288,-13.575,-100.36475,"Hand Hills",0.635645161290323,277.256451612903,0.187785953324546,0.00119996585430565,-0.0398850189227593,-0.0063619305064612,-0.0836339716296717,-0.051484300704571,-0.324280103510175,5.10452108132851,-61.4774052062359,-24.6858662120846,-187.486929696677,-25.4672896067301,6.57084060754219,"05CG",51.4136,-112.13139
"44","Grassland","142",3,53,"05CG","2014-06-07",-11.99,-122.43,-0.01199,-0.12243,-0.019033333,-0.147166667,-0.013575,-0.1055,-24.26666667,-187.288,-13.575,-100.36475,"Hand Hills",0.596387096774194,284.259677419355,0.556840257170336,0.00340041663765946,-0.0341453988029338,-0.00588048198120353,-0.0847418889903443,-0.033801234608351,-0.23135349668889,4.99391706360288,-62.5529344074014,-24.1353734885167,-183.082987908134,-25.4672896067301,11.1998291519884,"05CG",51.4136,-112.13139
"45","Grassland","142",4,54,"05CG","2014-06-28",-9.75,-107.88,-0.00975,-0.10788,-0.019033333,-0.147166667,-0.013575,-0.1055,-24.26666667,-187.288,-13.575,-100.36475,"Hand Hills",0.658903225806452,286.046774193548,0.907289274154958,-0.000736473305276916,-0.053165636627769,-0.00713236667881922,-0.0886525600255201,-0.0265216488321557,-0.198098080488944,5.37920161528612,-55.4327842509603,-24.9667370953084,-189.733896762467,-25.4672896067301,4.20905080497257,"05CG",51.4136,-112.13139
"46","Grassland","142",5,55,"05CG","2014-08-11",-11.26,-89.59,-0.01126,-0.08959,-0.019033333,-0.147166667,-0.013575,-0.1055,-24.26666667,-187.288,-13.575,-100.36475,"Hand Hills",0.664129032258064,291.337096774194,0.0972793117550559,-0.00129587386556176,-0.0578130229483635,-0.00739820675261036,-0.0908278164214899,-0.0302582860104466,-0.143816550391907,2.85428645310896,-57.4507345379931,-13.1081401876219,-94.8651215009756,-25.4672896067301,100,"05CG",51.4136,-112.13139
"47","Grassland","142",2,52,"05CG","2014-05-16",-15.4,-143.92,-0.0154,-0.14392,-0.019033333,-0.147166667,-0.013575,-0.1055,-24.26666667,-187.288,-13.575,-100.36475,"Hand Hills",0.614483870967742,278.762903225806,0.411402142199624,0.00251274534296783,-0.0346632810486227,-0.00600607871492607,-0.083108043791939,-0.042792734835318,-0.288390415292123,5.27404131645353,-62.6997637266156,-26.6694297919561,-203.355438335649,-25.4672896067301,0,"05CG",51.4136,-112.13139
"48","Grassland","145",1,56,"05CG","2014-05-02",-18.11,-149.72,-0.01811,-0.14972,-0.019041667,-0.14725,-0.0136,-0.1055,-24.3,-187.559,-13.6,-100.568,"Hand Hills",0.642354838709677,277.001612903226,0.150254242861129,0.000761014625078399,-0.0416778529961702,-0.00650385683332061,-0.0839515356814933,-0.0506778438189468,-0.311496820768708,4.96737891731697,-59.7607678073897,-23.0034567146354,-174.027653717083,-25.5372721354167,21.2260840838477,"05CG",51.60375,-112.20631
"49","Grassland","145",2,57,"05CG","2014-05-20",-15.69,-135.86,-0.01569,-0.13586,-0.019041667,-0.14725,-0.0136,-0.1055,-24.3,-187.559,-13.6,-100.568,"Hand Hills",0.610516129032258,279.820967741935,0.228501354893142,0.00268819848950733,-0.034408766876675,-0.00599074061129654,-0.0834307058898479,-0.0433261560851747,-0.267934459208871,4.77904592816083,-60.8767693871566,-22.0048991095008,-166.039192876006,-25.5372721354167,29.5911242187038,"05CG",51.60375,-112.20631
"50","Grassland","145",3,58,"05CG","2014-06-14",-12.68,-119.13,-0.01268,-0.11913,-0.019041667,-0.14725,-0.0136,-0.1055,-24.3,-187.559,-13.6,-100.568,"Hand Hills",0.639258064516129,285.140322580645,0.386749034463091,0.000463125548965715,-0.0474595512199903,-0.00674833732611091,-0.0873451328285701,-0.0350849930114954,-0.22677312669217,4.80442580977114,-58.2098807321019,-21.3451094143481,-160.760875314785,-25.5372721354167,35.1182638169976,"05CG",51.60375,-112.20631
"51","Grassland","145",4,59,"05CG","2014-06-30",-12.77,-111.17,-0.01277,-0.11117,-0.019041667,-0.14725,-0.0136,-0.1055,-24.3,-187.559,-13.6,-100.568,"Hand Hills",0.670096774193548,286.204838709677,0.231871067443308,-0.0014060963238564,-0.0559729054540226,-0.00736843281787043,-0.0892944247930632,-0.0350185780478788,-0.207173406435785,4.31503560493558,-56.0669953249727,-17.9288015410574,-133.430412328459,-25.5372721354167,63.7370959466167,"05CG",51.60375,-112.20631
"52","Grassland","145",5,60,"05CG","2014-08-06",-7.63,-86.7,-0.00763,-0.0867,-0.019041667,-0.14725,-0.0136,-0.1055,-24.3,-187.559,-13.6,-100.568,"Hand Hills",0.647322580645161,291.504838709677,0.696934343584388,-0.000367849928216025,-0.0540250150878785,-0.00711369241302223,-0.0901871089241153,-0.0204709078181354,-0.138260319305355,4.01531729964879,-56.0631290036797,-16.5792696612598,-122.634157290079,-25.5372721354167,75.0422908394573,"05CG",51.60375,-112.20631
"53","Grassland","149",2,62,"05CG","2014-05-18",-12.74,-119.69,-0.01274,-0.11969,-0.019091667,-0.147416667,-0.013625,-0.1055,-24.4,-188.372,-13.625,-100.77125,"Hand Hills",0.611322580645161,279.411290322581,0.374826729079043,0.00263545488763793,-0.0342714720255092,-0.00602479499737211,-0.0833500433474443,-0.0359389958334455,-0.231194400745487,4.80643220706706,-58.4560536819656,-21.4356037261687,-161.48482980935,-25.6273810068766,34.9245477068783,"05CG",51.47505,-112.03918
"54","Grassland","149",3,63,"05CG","2014-06-14",-10.51,-106.58,-0.01051,-0.10658,-0.019091667,-0.147416667,-0.013625,-0.1055,-24.4,-188.372,-13.625,-100.77125,"Hand Hills",0.639258064516129,285.140322580645,0.537131325686184,0.000437769123439839,-0.0474595512199903,-0.00678280516474119,-0.087411748524874,-0.029172584465796,-0.195374057613039,4.75786500930657,-56.5748387521879,-20.5342587348434,-154.274069878747,-25.6273810068766,42.4342659103655,"05CG",51.47505,-112.03918
"55","Grassland","149",4,64,"05CG","2014-06-30",-9.43,-101.33,-0.00943,-0.10133,-0.019091667,-0.147416667,-0.013625,-0.1055,-24.4,-188.372,-13.625,-100.77125,"Hand Hills",0.670096774193548,286.204838709677,0.77365515933829,-0.00143140537453757,-0.0559729054540226,-0.00740208952856776,-0.0893552680713391,-0.025089879023045,-0.180218854898272,5.03764140081667,-53.8250415902988,-21.5453462007922,-162.362769606338,-25.6273810068766,34.0102085056763,"05CG",51.47505,-112.03918
"56","Grassland","149",1,61,"05CG","2014-05-15",-13.33,-121.02,-0.01333,-0.12102,-0.019091667,-0.147416667,-0.013625,-0.1055,-24.4,-188.372,-13.625,-100.77125,"Hand Hills",0.604354838709677,278.691935483871,0.304490516131245,0.00317840555537815,-0.0312559876504279,-0.0058580818240937,-0.0825946619177064,-0.0375059194542548,-0.234359180408865,4.68810216808189,-58.5275980994684,-20.6913381925735,-155.530705540588,-25.6273810068766,41.1255301050273,"05CG",51.47505,-112.03918
"57","Grassland","149",5,65,"05CG","2014-08-05",-6.83,-86.88,-0.00683,-0.08688,-0.019091667,-0.147416667,-0.013625,-0.1055,-24.4,-188.372,-13.625,-100.77125,"Hand Hills",0.645032258064516,291.420967741935,1.05999543346707,-0.000253839361739732,-0.0534206438952009,-0.00710317481380063,-0.0901219960242544,-0.0183403503075256,-0.139113574183966,4.53796563861442,-55.8856946882635,-19.0309187635834,-142.247350108668,-25.6273810068766,54.9596137592521,"05CG",51.47505,-112.03918
"58","Grassland","152",1,1,"05BN","2014-05-06",-13.12,-128.2,-0.01312,-0.1282,-0.017808333,-0.137916667,-0.01245,-0.09725,-23.16666667,-178.345,-12.45,-91.2185,"Tide Lake",0.637193548387097,278.804838709677,0.502605078985978,0.00214245329645956,-0.0328772948342277,-0.00528093083900342,-0.0754412152821305,-0.0388762975213396,-0.268114956177265,5.43226199578346,-56.928722615321,-26.0652459500992,-198.521967600794,-24.1557954152425,0,"05BN",50.36146,-111.42342
"59","Grassland","152",2,2,"05BN","2014-05-25",-8.94,-105.28,-0.00894,-0.10528,-0.017808333,-0.137916667,-0.01245,-0.09725,-23.16666667,-178.345,-12.45,-91.2185,"Tide Lake",0.618903225806452,282.275806451613,0.899388252578333,0.00311719042062463,-0.0304453746039365,-0.00505844127427496,-0.0759853333500962,-0.027743179756167,-0.207050143881828,5.41239009580012,-56.8932325435469,-25.8513589838153,-196.810871870522,-24.1557954152425,0,"05BN",50.36146,-111.42342
"60","Grassland","152",3,3,"05BN","2014-06-24",-10.75,-97.9,-0.01075,-0.0979,-0.017808333,-0.137916667,-0.01245,-0.09725,-23.16666667,-178.345,-12.45,-91.2185,"Tide Lake",0.649064516129032,286.620967741935,0.276771976771261,0.000950983438224793,-0.042356156630958,-0.00579534179154876,-0.0794471099259088,-0.031585611445662,-0.185458383688744,4.20234289342028,-52.7248138957319,-16.5167133670538,-122.13370693643,-24.1557954152425,65.2589745267682,"05BN",50.36146,-111.42342
"61","Grassland","153",1,4,"05BN","2014-05-06",-18.8,-157.41,-0.0188,-0.15741,-0.018033333,-0.140083333,-0.01265,-0.09925,-23.3,-179.429,-12.65,-92.8445,"Tide Lake",0.637193548387097,278.804838709677,0.169509187878957,0.00193949801251516,-0.0350199095230469,-0.00549208862649862,-0.0775935760125973,-0.0537991361727858,-0.337054546551992,5.13282801224327,-60.9128333698264,-24.732675149114,-187.861401192912,-24.4483896891276,0,"05BN",50.51392,-111.50092
"62","Grassland","153",2,5,"05BN","2014-05-31",-12.65,-129.19,-0.01265,-0.12919,-0.018033333,-0.140083333,-0.01265,-0.09925,-23.3,-179.429,-12.65,-92.8445,"Tide Lake",0.60041935483871,283.879032258065,0.572832930430632,0.00408019544796144,-0.0283247980274301,-0.00497717318951588,-0.0778793011514435,-0.0367665082456064,-0.255802554669576,5.25003675408286,-62.7770350608519,-26.4647300900852,-201.717840720682,-24.4483896891276,0,"05BN",50.51392,-111.50092
"63","Grassland","153",3,6,"05BN","2014-06-24",-8,-94.37,-0.008,-0.09437,-0.018033333,-0.140083333,-0.01265,-0.09925,-23.3,-179.429,-12.65,-92.8445,"Tide Lake",0.649064516129032,286.620967741935,0.878122168984307,0.0007482694524138,-0.0444777713490285,-0.0060060703924066,-0.0815862108941832,-0.0235777968659446,-0.173019272976726,5.04880591610906,-53.9795526711275,-21.6792087719202,-163.433670175362,-24.4483896891276,23.4708378869639,"05BN",50.51392,-111.50092
"64","Grassland","153",4,7,"05BN","2014-07-09",-7.33,-93.68,-0.00733,-0.09368,-0.018033333,-0.140083333,-0.01265,-0.09925,-23.3,-179.429,-12.65,-92.8445,"Tide Lake",0.668709677419355,289.037096774194,1.41241982264489,-0.000504704872658226,-0.050854413265726,-0.00645420347151436,-0.083457489871646,-0.0206136364336361,-0.16806055572505,5.59941218631277,-52.6363086743274,-26.0920714156754,-198.736571325404,-24.4483896891276,0,"05BN",50.51392,-111.50092
"65","Grassland","153",5,8,"05BN","2014-07-28",-10.34,-98.91,-0.01034,-0.09891,-0.018033333,-0.140083333,-0.01265,-0.09925,-23.3,-179.429,-12.65,-92.8445,"Tide Lake",0.607838709677419,292.127419354839,0.333161294479362,0.0030355753234633,-0.0377082448826338,-0.00542710430742337,-0.0818354495738381,-0.0302646064812566,-0.17969627963179,4.05459850400491,-56.9854514685892,-16.9781076872873,-125.824861498299,-24.4483896891276,63.3161151536153,"05BN",50.51392,-111.50092
"66","Grassland","158",2,10,"05BN","2014-05-26",-12.66,-130.02,-0.01266,-0.13002,-0.018233333,-0.14225,-0.013,-0.1025,-23.06666667,-177.532,-13,-95.69,"Lathom",0.609967741935484,282.627419354839,0.60702064839721,0.00314249600784143,-0.0336610535388088,-0.00540458250527806,-0.0807326723000297,-0.036378780419211,-0.255950338541076,5.30930917675171,-62.8041458223233,-27.0577894692605,-206.462315754084,-24.470588684082,0,"05BN",50.55515,-112.49541
"67","Grassland","158",3,11,"05BN","2014-06-12",-9.58,-114.16,-0.00958,-0.11416,-0.018233333,-0.14225,-0.013,-0.1025,-23.06666667,-177.532,-13,-95.69,"Lathom",0.568258064516129,286.666129032258,0.825925394818723,0.00592121521538881,-0.023921870874704,-0.00476550033618473,-0.0804222444277136,-0.0291152605390441,-0.212906621305516,5.05478906248299,-65.7351207814129,-25.7146677735966,-195.717342188773,-24.470588684082,0,"05BN",50.55515,-112.49541
"68","Grassland","158",4,12,"05BN","2014-06-25",-9.74,-101.38,-0.00974,-0.10138,-0.018233333,-0.14225,-0.013,-0.1025,-23.06666667,-177.532,-13,-95.69,"Lathom",0.627451612903226,286.862903225806,0.521326471778581,0.00171339275451433,-0.0424003237383107,-0.00590155979226462,-0.0835311734702133,-0.0282878032909783,-0.185579995909808,4.53962092377607,-57.1640922024211,-19.4094608489289,-145.275686791431,-24.470588684082,44.1226511955446,"05BN",50.55515,-112.49541
"69","Grassland","158",1,9,"05BN","2014-05-13",-16.82,-147.53,-0.01682,-0.14753,-0.018233333,-0.14225,-0.013,-0.1025,-23.06666667,-177.532,-13,-95.69,"Lathom",0.622806451612903,279.179032258064,0.256411984131342,0.00250233739454013,-0.0344643699828171,-0.00551872595732461,-0.0798506422219864,-0.0474488476153795,-0.302978384539277,5.07522798413162,-62.1646653069061,-24.673603588716,-187.388828709728,-24.470588684082,0,"05BN",50.55515,-112.49541
"70","Grassland","165",2,14,"05BN","2014-06-01",-9.88,-112.21,-0.00988,-0.11221,-0.017833333,-0.13875,-0.0125,-0.09825,-23,-176.99,-12.5,-91.625,"Rolling Hills",0.602,284.182258064516,0.773326065004242,0.00410006252927491,-0.0280352212872489,-0.00484771951998336,-0.0769145236100632,-0.0301687919522667,-0.218696535084832,5.24853994931595,-60.3544253007584,-25.5698516441361,-194.558813153089,-24.0042368570964,0,"05BN",50.31702,-111.6562
"71","Grassland","165",3,15,"05BN","2014-06-23",-7.72,-92.5,-0.00772,-0.0925,-0.017833333,-0.13875,-0.0125,-0.09825,-23,-176.99,-12.5,-91.625,"Rolling Hills",0.641709677419355,286.872580645161,0.860182446079428,0.0013300566706508,-0.0417000961124093,-0.00570584729699047,-0.0801471948686019,-0.0233191942740426,-0.169931508866159,4.96381463720897,-54.1793510007468,-21.1381530875142,-159.105224700114,-24.0042368570964,24.9132889489686,"05BN",50.31702,-111.6562
"72","Grassland","165",4,16,"05BN","2014-07-08",-6.08,-84.15,-0.00608,-0.08415,-0.017833333,-0.13875,-0.0125,-0.09825,-23,-176.99,-12.5,-91.625,"Rolling Hills",0.669516129032258,288.95,1.5,-0.000393412784165018,-0.0499321054520725,-0.00629844100090555,-0.0823092174704071,-0.0171881889824219,-0.143799691538469,5.36988447287504,-51.5011024049197,-23.3834224278916,-177.067379423133,-24.0042368570964,5.39639818717579,"05BN",50.31702,-111.6562
"73","Grassland","165",1,13,"05BN","2014-05-08",-15.7,-139.31,-0.0157,-0.13931,-0.017833333,-0.13875,-0.0125,-0.09825,-23,-176.99,-12.5,-91.625,"Rolling Hills",0.622483870967742,279.13064516129,0.272982129939932,0.00303509277266533,-0.0297459938292757,-0.00504426877113811,-0.0756874875916156,-0.0453563414700844,-0.289705229515099,5.0712671239913,-59.6911061533366,-23.7956512607296,-180.365210085837,-24.0042368570964,1.8131198006245,"05BN",50.31702,-111.6562
"74","Grassland","173",5,21,"05BN","2014-07-31",-4.8,-77.04,-0.0048,-0.07704,-0.017658333,-0.1375,-0.012325,-0.09725,-22.96666667,-176.719,-12.325,-90.20225,"Rolling Hills",0.609193548387097,292.724193548387,1.14824587353068,0.00323971882837795,-0.0364151606081124,-0.00512488854989789,-0.0798075663263533,-0.0168466346802622,-0.131052811996127,4.48364322731762,-55.5185125088754,-18.6324985615427,-139.059988492342,-23.7568340301514,44.8251387755742,"05BN",50.16439,-111.53923
"75","Grassland","173",1,17,"05BN","2014-05-08",-13.72,-128.32,-0.01372,-0.12832,-0.017658333,-0.1375,-0.012325,-0.09725,-22.96666667,-176.719,-12.325,-90.20225,"Rolling Hills",0.622483870967742,279.13064516129,0.367844277615438,0.00321284582708074,-0.0286700259821222,-0.00486758158159503,-0.0745381710910931,-0.0405235106098255,-0.265106534532514,5.103306672163,-58.3026324579236,-23.579517997829,-178.636143982632,-23.7568340301514,1.55107248631057,"05BN",50.16439,-111.53923
"76","Grassland","173",2,18,"05BN","2014-05-25",-9.31,-109.45,-0.00931,-0.10945,-0.017658333,-0.1375,-0.012325,-0.09725,-22.96666667,-176.719,-12.325,-90.20225,"Rolling Hills",0.611032258064516,282.562903225806,0.880510392695507,0.00375956364807029,-0.0282813966850259,-0.00478101792616523,-0.0755005642919445,-0.0290160220678009,-0.21602552552879,5.40827190602471,-59.0989885549099,-26.6613572293857,-203.290857835085,-23.7568340301514,0,"05BN",50.16439,-111.53923
"77","Grassland","173",3,19,"05BN","2014-06-23",-8.89,-87.7,-0.00889,-0.0877,-0.017658333,-0.1375,-0.012325,-0.09725,-22.96666667,-176.719,-12.325,-90.20225,"Rolling Hills",0.641709677419355,286.872580645161,0.371027286638751,0.00150750756676965,-0.0406373848244829,-0.00552929625575237,-0.0790102876534199,-0.02681173755396,-0.159434964544251,4.00267911123387,-52.1161827011309,-15.5394536564976,-114.31562925198,-23.7568340301514,71.8815576921472,"05BN",50.16439,-111.53923
"78","Grassland","173",4,20,"05BN","2014-07-08",-8.35,-93.45,-0.00835,-0.09345,-0.017658333,-0.1375,-0.012325,-0.09725,-22.96666667,-176.719,-12.325,-90.20225,"Rolling Hills",0.669516129032258,288.95,0.741764692247949,-0.000216267313012846,-0.0488785230905001,-0.00612202197044433,-0.0811840342685523,-0.0242384470404257,-0.171148376366839,4.89024359455316,-52.6164659854811,-20.1354890292392,-151.083912233913,-23.7568340301514,31.6777254757277,"05BN",50.16439,-111.53923
"79","Grassland","184",1,66,"05CG","2014-05-13",-17.060535,-146.9758005,-0.01706,-0.14698,-0.018866667,-0.146083333,-0.01355,-0.10525,-23.83333333,-183.765,-13.55,-100.1615,"Drumheller East",0.7031,286.35,0.244733215153111,-0.0031150263635838,-0.0631690333024211,-0.0079076166970235,-0.0904048999867443,-0.048947488168738,-0.318315223113474,5.37311757535826,-55.3146141643881,-24.863927502692,-188.911420021536,-25.2295551300049,3.13049275630012,"05CG",51.41711,-112.56821
"80","Grassland","184",2,67,"05CG","2014-06-04",-13.19,-127.63,-0.01319,-0.12763,-0.018866667,-0.146083333,-0.01355,-0.10525,-23.83333333,-183.765,-13.55,-100.1615,"Drumheller East",0.7031,286.35,0.611306585246882,-0.0031150263635838,-0.0631690333024211,-0.0079076166970235,-0.0904048999867443,-0.0362280932232535,-0.259407911011244,5.720000771515,-52.1831898237171,-27.2733380989064,-208.186704791251,-25.2295551300049,0,"05CG",51.41711,-112.56821
"81","Grassland","184",3,68,"05CG","2014-06-19",-11.19,-116.34,-0.01119,-0.11634,-0.018866667,-0.146083333,-0.01355,-0.10525,-23.83333333,-183.765,-13.55,-100.1615,"Drumheller East",0.7031,286.35,0.943609020401681,-0.0031150263635838,-0.0631690333024211,-0.0079076166970235,-0.0904048999867443,-0.0296547625020729,-0.225037701521106,5.88676412755938,-50.4671094126105,-28.6135164565307,-218.908131652245,-25.2295551300049,0,"05CG",51.41711,-112.56821
"82","Grassland","184",4,69,"05CG","2014-06-29",-10.83,-109.29,-0.01083,-0.10929,-0.018866667,-0.146083333,-0.01355,-0.10525,-23.83333333,-183.765,-13.55,-100.1615,"Drumheller East",0.6883,287.89,0.638629740529719,-0.00241957850913189,-0.0608592905145922,-0.00767244388522253,-0.0901963145809279,-0.0287531958021672,-0.201550481054232,5.14754634567325,-53.5420730763587,-22.2762858846014,-168.210287076811,-25.2295551300049,25.2858025201363,"05CG",51.41711,-112.56821
"83","Grassland","184",5,70,"05CG","2014-08-14",-5.65,-83.9,-0.00565,-0.0839,-0.018866667,-0.146083333,-0.01355,-0.10525,-23.83333333,-183.765,-13.55,-100.1615,"Drumheller East",0.669193548387097,292.608064516129,1.5,-0.00160894042072044,-0.0594274518436503,-0.00745603437359352,-0.0909188952655357,-0.013536147657662,-0.126769243587495,5.43601837658269,-53.1864961723078,-24.6438958825656,-187.151167060525,-25.2295551300049,5.01439687488368,"05CG",51.41711,-112.56821
"84","Grassland","186",1,100,"05CH","2014-05-14",-13.27,-128.24,-0.01327,-0.12824,-0.019025,-0.147,-0.013475,-0.1045,-24.56666667,-189.727,-13.475,-99.55175,"Spondin",0.625870967741936,278.233870967742,0.476880654404662,0.00187864757699207,-0.0366944125431339,-0.00614250876081796,-0.0828223472326924,-0.0375996990455292,-0.255607092494515,5.23504595170568,-58.7709402208656,-24.8723628023004,-188.978902418403,-25.7018763224284,6.78434539005164,"05CH",51.83352,-111.7223
"85","Grassland","186",3,102,"05CH","2014-06-08",-9.13,-104.5,-0.00913,-0.1045,-0.019025,-0.147,-0.013475,-0.1045,-24.56666667,-189.727,-13.475,-99.55175,"Spondin",0.619,284.640322580645,0.826250353000543,0.00191733406806188,-0.0403230035094655,-0.00626084888567114,-0.085382803602258,-0.0263721969834815,-0.192259079907835,5.0897852513755,-58.0302606549416,-23.3763713441065,-177.010970752852,-25.7018763224284,19.0196164334802,"05CH",51.83352,-111.7223
"86","Grassland","186",4,103,"05CH","2014-07-09",-7.28,-89.52,-0.00728,-0.08952,-0.019025,-0.147,-0.013475,-0.1045,-24.56666667,-189.727,-13.475,-99.55175,"Spondin",0.701741935483871,288.362903225806,1.5,-0.00305458472023459,-0.063180499131791,-0.00793503042848219,-0.0907746498869726,-0.0168815261066085,-0.143188897849279,5.5896216136245,-48.8275546528137,-24.4059418161614,-185.247534529292,-25.7018763224284,10.5990644878757,"05CH",51.83352,-111.7223
"87","Grassland","186",5,104,"05CH","2014-08-22",-7.1,-79.73,-0.0071,-0.07973,-0.019025,-0.147,-0.013475,-0.1045,-24.56666667,-189.727,-13.475,-99.55175,"Spondin",0.734290322580645,291.23064516129,1.11977653556482,-0.00471561569877932,-0.0708062633959297,-0.00861023062710731,-0.0930804333288573,-0.0134761920114193,-0.101331882908668,3.38789717592899,-55.6759300509042,-14.2399102006432,-103.919281605146,-25.7018763224284,93.7440260253546,"05CH",51.83352,-111.7223
"88","Grassland","186",2,101,"05CH","2014-05-22",-12.28,-120.57,-0.01228,-0.12057,-0.019025,-0.147,-0.013475,-0.1045,-24.56666667,-189.727,-13.475,-99.55175,"Spondin",0.623838709677419,280.440322580645,0.490009978907227,0.00186726581317482,-0.0380836544806719,-0.00619118511753656,-0.0837451738981317,-0.0348108054985279,-0.234838195806218,5.07164272549795,-58.2902273308852,-23.3203195270965,-176.562556216772,-25.7018763224284,19.4780476429885,"05CH",51.83352,-111.7223
"89","Grassland","188",1,105,"05CH","2014-05-11",-13.29,-129.11,-0.01329,-0.12911,-0.018783333,-0.144833333,-0.0132,-0.1025,-24.23333333,-187.017,-13.2,-97.316,"Youngstown",0.654258064516129,277.917741935484,0.530646510305477,0.000371127097833818,-0.0426910892999007,-0.00642138273613889,-0.0821810596693659,-0.038152411370693,-0.266216742888437,5.51461967402142,-55.8207045322554,-26.4831518316374,-201.865214653099,-25.7765019734701,0,"05CH",51.52898,-111.32799
"90","Grassland","188",2,106,"05CH","2014-06-02",-6.48,-96.04,-0.00648,-0.09604,-0.018783333,-0.144833333,-0.0132,-0.1025,-24.23333333,-187.017,-13.2,-97.316,"Youngstown",0.592741935483871,283.772580645161,1.46863275304059,0.00408001010847246,-0.029248343915569,-0.00546449895343912,-0.0814910944699387,-0.021215909542589,-0.177022202633356,5.49556865827015,-60.4287150944095,-28.1216394000896,-214.973115200717,-25.7765019734701,0,"05CH",51.52898,-111.32799
"91","Grassland","188",4,107,"05CH","2014-06-27",-11.17,-97.38,-0.01117,-0.09738,-0.018783333,-0.144833333,-0.0132,-0.1025,-24.23333333,-187.017,-13.2,-97.316,"Youngstown",0.656806451612903,286.575806451613,0.21672193127438,-0.000262505602278348,-0.0498349214458498,-0.00677615483022752,-0.0858961809392453,-0.0312767364907021,-0.17508586950796,3.8646684181639,-54.2116537691092,-15.52757076389,-114.22056611112,-25.7765019734701,81.4927014777243,"05CH",51.52898,-111.32799
"92","Grassland","188",5,108,"05CH","2014-08-21",-8.78,-83.79,-0.00878,-0.08379,-0.018783333,-0.144833333,-0.0132,-0.1025,-24.23333333,-187.017,-13.2,-97.316,"Youngstown",0.722483870967742,291.888709677419,0.396423084970716,-0.00391770053843254,-0.0668676769865654,-0.00814323898457468,-0.0906553643518307,-0.0210234866139872,-0.122331665341322,3.14793216642156,-56.1511555788187,-13.6336007343145,-99.0688058745158,-25.7765019734701,96.5522946266842,"05CH",51.52898,-111.32799
"93","Grassland","202",2,23,"05BN","2014-05-24",-7.96,-105.15,-0.00796,-0.10515,-0.017916667,-0.13975,-0.01265,-0.0995,-22.96666667,-176.719,-12.65,-92.8445,"Brooks",0.643903225806452,282.066129032258,1.5,0.00131829146531345,-0.0399321916107759,-0.00570399102775587,-0.07946483687721,-0.0240961732960396,-0.204603658887671,6.16339804134855,-56.0893515908656,-35.9845808067157,-277.876646453726,-24.097297668457,0,"05BN",50.36546,-112.0232
"94","Grassland","202",3,24,"05BN","2014-06-11",-6.25,-96.8,-0.00625,-0.0968,-0.017916667,-0.13975,-0.01265,-0.0995,-22.96666667,-176.719,-12.65,-92.8445,"Brooks",0.60241935483871,286.572580645161,1.5,0.00375676156491927,-0.0317090991436019,-0.00507358717005206,-0.0792207936177528,-0.0208040840429707,-0.179724859135193,5.69770374352374,-61.1893516029766,-30.9210213076289,-237.368170461031,-24.097297668457,0,"05BN",50.36546,-112.0232
"95","Grassland","202",4,25,"05BN","2014-06-24",-9.29,-96.05,-0.00929,-0.09605,-0.017916667,-0.13975,-0.01265,-0.0995,-22.96666667,-176.719,-12.65,-92.8445,"Brooks",0.669838709677419,287.024193548387,0.54644836127375,-0.00047018414310322,-0.0501083796878773,-0.0063727417331181,-0.0828267614827327,-0.0265393522624689,-0.175978947198357,4.63373615322741,-53.0025911365174,-18.7158802768598,-139.727042214878,-24.097297668457,47.0103735174608,"05BN",50.36546,-112.0232
"96","Grassland","202",1,22,"05BN","2014-05-09",-13.53,-130.32,-0.01353,-0.13032,-0.017916667,-0.13975,-0.01265,-0.0995,-22.96666667,-176.719,-12.65,-92.8445,"Brooks",0.668451612903226,278.695161290323,0.501604560894772,4.09461334079906e-05,-0.0439915028539221,-0.00606520482123865,-0.0794566712138627,-0.0398699244507213,-0.277084634224066,5.57194590662718,-54.9315718833343,-26.7422262381056,-203.937809904844,-24.097297668457,0,"05BN",50.36546,-112.0232
"97","Grassland","203",1,26,"05BN","2014-05-13",-16.38,-143.33,-0.01638,-0.14333,-0.0183,-0.142583333,-0.01305,-0.1025,-23.16666667,-178.345,-13.05,-96.0965,"Lathom",0.622806451612903,279.179032258064,0.250075689420332,0.00245155206843098,-0.0344643699828171,-0.00557565470247873,-0.079991001769747,-0.0462308781255439,-0.293004010709089,5.01405721063228,-61.1997428898433,-23.8449789270477,-180.759831416382,-24.482692082723,5.57797893148011,"05BN",50.65699,-112.44963
"98","Grassland","203",2,27,"05BN","2014-05-27",-12.83,-128.14,-0.01283,-0.12814,-0.0183,-0.142583333,-0.01305,-0.1025,-23.16666667,-178.345,-13.05,-96.0965,"Lathom",0.599258064516129,283.040322580645,0.510999592032986,0.00381474562248261,-0.0306544223595935,-0.0052702100128697,-0.0804804176402941,-0.0367021627881394,-0.249645622574873,5.08984559351454,-62.8372810352085,-25.0286654456843,-190.229323565474,-24.482692082723,0,"05BN",50.65699,-112.44963
"99","Grassland","203",3,28,"05BN","2014-06-11",-9.8,-113.37,-0.0098,-0.11337,-0.0183,-0.142583333,-0.01305,-0.1025,-23.16666667,-178.345,-13.05,-96.0965,"Lathom",0.563096774193548,286.495161290323,0.736783490848783,0.00629321657388047,-0.0219193706509627,-0.00471783569174183,-0.0802356352597587,-0.0296510284468688,-0.211142658023584,4.92531952615309,-65.1018686436997,-24.4259100360225,-185.40728028818,-24.482692082723,0.49666383288927,"05BN",50.65699,-112.44963
"100","Grassland","203",4,29,"05BN","2014-06-25",-8.43,-103.33,-0.00843,-0.10333,-0.0183,-0.142583333,-0.01305,-0.1025,-23.16666667,-178.345,-13.05,-96.0965,"Lathom",0.627451612903226,286.862903225806,1.04844238418121,0.00166264739520559,-0.0424003237383107,-0.00595838346937965,-0.0836684825737276,-0.0247741909819861,-0.190313836080371,5.32200316162736,-58.4655133474814,-25.5659425606665,-194.527540485332,-24.482692082723,0,"05BN",50.65699,-112.44963
"101","Grassland","203",5,30,"05BN","2014-08-03",1.91,-49.4,0.00191,-0.0494,-0.0183,-0.142583333,-0.01305,-0.1025,-23.16666667,-178.345,-13.05,-96.0965,"Lathom",0.579612903225806,292.966129032258,1.5,0.00455435348391023,-0.0337301097927461,-0.00528546377441521,-0.0839809402339255,-0.00158752777984597,-0.0676741867639711,5.22488680984141,-59.3795338067971,-25.0006140480462,-190.004912384369,-24.482692082723,0,"05BN",50.65699,-112.44963
"102","Grassland","98",1,71,"05CH","2014-05-14",-13.28,-126.79,-0.01328,-0.12679,-0.01905,-0.14725,-0.013475,-0.1045,-24.56666667,-189.727,-13.475,-99.55175,"Spondin",0.625870967741936,278.233870967742,0.440097947732477,0.00187864757699207,-0.0366944125431339,-0.00615210177121036,-0.0829268930126321,-0.0376257596865348,-0.252139711982275,5.14872871482436,-58.4148826671326,-23.994518874032,-181.956150992256,-25.7018763224284,13.9639708734478,"05CH",51.90163,-111.69733
"103","Grassland","98",2,72,"05CH","2014-05-22",-11.798438,-118.101865,-0.0118,-0.1181,-0.01905,-0.14725,-0.013475,-0.1045,-24.56666667,-189.727,-13.475,-99.55175,"Spondin",0.623838709677419,280.440322580645,0.532516817439843,0.00186726581317482,-0.0380836544806719,-0.0062008279813154,-0.0838499825914452,-0.0335663619104798,-0.228946508957754,5.09256022727367,-58.0077893181707,-23.3909537718125,-177.1276301745,-25.7018763224284,18.9003510763975,"05CH",51.90163,-111.69733
"104","Grassland","98",4,74,"05CH","2014-07-01",-5.95,-82.2,-0.00595,-0.0822,-0.01905,-0.14725,-0.013475,-0.1045,-24.56666667,-189.727,-13.475,-99.55175,"Spondin",0.701870967741935,286.520967741935,1.5,-0.00298425547443265,-0.0622170872669539,-0.0078925688908642,-0.0902588252282835,-0.0126916416646375,-0.122812663651144,6.02415044753455,-46.3563048371694,-28.5225688194976,-218.180550555981,-25.7018763224284,0,"05CH",51.90163,-111.69733
"105","Grassland","98",5,75,"05CH","2014-08-20",-11.04,-83.98,-0.01104,-0.08398,-0.01905,-0.14725,-0.013475,-0.1045,-24.56666667,-189.727,-13.475,-99.55175,"Spondin",0.731064516129032,291.527419354839,0.0546829812891654,-0.00457899103028973,-0.0703531004284345,-0.0085653047790582,-0.0930982994386881,-0.0280335720408639,-0.116422881016158,1.90912663553861,-62.9032419436537,-11.9692591819466,-85.7540734555732,-25.7018763224284,100,"05CH",51.90163,-111.69733
"106","Grassland","98",3,73,"05CH","2014-06-10",-7.71,-96.36,-0.00771,-0.09636,-0.01905,-0.14725,-0.013475,-0.1045,-24.56666667,-189.727,-13.475,-99.55175,"Spondin",0.629483870967742,284.946774193548,1.09363084366635,0.00121595320421199,-0.0435680006968796,-0.00648009554056863,-0.0861418040924308,-0.0222886991100325,-0.172134856331122,5.19764183067451,-56.2861814854995,-23.6537150072627,-179.229720058101,-25.7018763224284,16.7513047580979,"05CH",51.90163,-111.69733
"107","Grassland","KIN_1",1,31,"05BN","2014-05-05",-12.51,-121.57,-0.01251,-0.12157,-0.017983333,-0.140083333,-0.012675,-0.1,-23.06666667,-177.532,-12.675,-93.04775,"Brooks",0.663741935483871,278.879032258065,0.488949694437232,0.000280451034177537,-0.0434006444200671,-0.00601790127253795,-0.0797078800746398,-0.0368089374299876,-0.251558145969675,5.34954033871683,-54.6472503626525,-24.3909580315418,-185.127664252335,-24.2201913197835,0,"05BN",50.44743,-111.88997
"108","Grassland","KIN_1",2,32,"05BN","2014-05-24",-3.97,-82.95,-0.00397,-0.08295,-0.017983333,-0.140083333,-0.012675,-0.1,-23.06666667,-177.532,-12.675,-93.04775,"Brooks",0.643903225806452,282.066129032258,1.5,0.00129293778395766,-0.040465266462741,-0.00574442697572982,-0.079918804364407,-0.0131229433458412,-0.147736939357599,7.07826290512725,-54.8492962666448,-70.3555239638018,-552.844191710414,-24.2201913197835,0,"05BN",50.44743,-111.88997
"109","Parkland","10",1,178,"05FC","2014-05-05",-16.04,-141.65,-0.01604,-0.14165,-0.0191,-0.1475,-0.01355,-0.1045,-24.8,-191.624,-13.55,-100.1615,"Stettler",0.674838709677419,277.16935483871,0.300870169588164,-0.00115469004771369,-0.0498562153815007,-0.007140093273735,-0.0853958175721014,-0.0457835129928963,-0.302056352190465,5.39298610183587,-55.1465029265526,-24.9889357983205,-189.911486386564,-25.5553067525228,4.71767165868767,"05FC",52.514242,-112.650562
"110","Parkland","10",5,182,"05FC","2014-08-14",-5.08,-82.8,-0.00508,-0.0828,-0.0191,-0.1475,-0.01355,-0.1045,-24.8,-191.624,-13.55,-100.1615,"Stettler",0.742354838709677,291.217741935484,1.5,-0.00515200973825507,-0.072228220724825,-0.0088330480542391,-0.0935653136238414,-0.00487915435297665,-0.109522740644337,-133.051131754077,-758.699749310709,-5.4497949768382,-33.5983598147055,-25.5553067525228,100,"05FC",52.514242,-112.650562
"111","Parkland","10",2,179,"05FC","2014-05-25",-13.33,-129.53,-0.01333,-0.12953,-0.0191,-0.1475,-0.01355,-0.1045,-24.8,-191.624,-13.55,-100.1615,"Stettler",0.606935483870968,281.411290322581,0.47740174464674,0.00287771948791998,-0.0337123127201125,-0.00597944370211928,-0.0834974991760236,-0.037339300883229,-0.25271064961981,5.13053879489905,-61.1399178639957,-24.792082129402,-188.336657035216,-25.5553067525228,6.35739376638919,"05FC",52.514242,-112.650562
"112","Parkland","10",3,180,"05FC","2014-06-09",-11.04,-118.36,-0.01104,-0.11836,-0.0191,-0.1475,-0.01355,-0.1045,-24.8,-191.624,-13.55,-100.1615,"Stettler",0.616806451612903,284.914516129032,0.732611657713366,0.00196958633497697,-0.0399166196951052,-0.00630543707150341,-0.0856056891330508,-0.0311549849203108,-0.224626094402289,5.28293184525277,-60.0364324284095,-25.7764724473483,-196.211779578786,-25.5553067525228,0,"05FC",52.514242,-112.650562
"113","Parkland","10",4,181,"05FC","2014-06-27",-8.77,-103.62,-0.00877,-0.10362,-0.0191,-0.1475,-0.01355,-0.1045,-24.8,-191.624,-13.55,-100.1615,"Stettler",0.674806451612903,286.437096774194,1.45502546766189,-0.00162776733370705,-0.0561694782492038,-0.00745042145498163,-0.0890254703146365,-0.0230597034066936,-0.188068734257581,5.90976116537339,-51.7913945796754,-29.561882382074,-226.495059056592,-25.5553067525228,0,"05FC",52.514242,-112.650562
"114","Parkland","13",1,183,"05FC","2014-05-04",-17.91,-154.35,-0.01791,-0.15435,-0.019091667,-0.147416667,-0.0135,-0.1045,-24.8,-191.624,-13.5,-99.755,"Stettler",0.674741935483871,277.082258064516,0.244846585164064,-0.0010937657598768,-0.0497661180442858,-0.00709855379870282,-0.0853229768656891,-0.051496364673874,-0.336987031910491,5.43783269442555,-56.9584164428383,-26.133506698473,-199.068053587784,-25.7090892791748,0,"05FC",52.339546,-112.228337
"115","Parkland","13",2,184,"05FC","2014-05-29",-10.37,-119.42,-0.01037,-0.11942,-0.019091667,-0.147416667,-0.0135,-0.1045,-24.8,-191.624,-13.5,-99.755,"Stettler",0.607451612903226,282.391935483871,0.978780876746732,0.00282464320439569,-0.0348075322094207,-0.00599528843692718,-0.083951273472556,-0.0299622201482646,-0.228690548550717,5.57724176861068,-61.5840028595072,-29.5464904141334,-226.371923313067,-25.7090892791748,0,"05FC",52.339546,-112.228337
"116","Parkland","13",3,185,"05FC","2014-06-17",-5.775116,-91.566924,-0.00578,-0.09157,-0.019091667,-0.147416667,-0.0135,-0.1045,-24.8,-191.624,-13.5,-99.755,"Stettler",0.645709677419355,285.862903225806,1.5,0.000129409069685201,-0.0486387033655954,-0.00684956808020911,-0.0873798754661577,-0.016145927389473,-0.15810018395073,6.41816032960967,-54.4730332948561,-40.7582604619766,-316.066083695812,-25.7090892791748,0,"05FC",52.339546,-112.228337
"117","Parkland","18",2,187,"05FC","2014-05-31",-13.26,-133.21,-0.01326,-0.13321,-0.018991667,-0.146666667,-0.013425,-0.1035,-24.8,-191.624,-13.425,-99.14525,"Forestburg",0.604225806451613,282.788709677419,0.578875228477045,0.00309908390538268,-0.033083817005009,-0.00586374399288485,-0.0830349713125728,-0.0372212761077687,-0.260758580107911,5.32311299006971,-62.6255217516757,-27.1305891814862,-207.044713451889,-25.6549777984619,0,"05FC",52.584555,-112.206193
"118","Parkland","18",3,188,"05FC","2014-06-17",-10.98,-120.61,-0.01098,-0.12061,-0.018991667,-0.146666667,-0.013425,-0.1035,-24.8,-191.624,-13.425,-99.14525,"Forestburg",0.63858064516129,286.043548387097,0.935073161994347,0.000630758314372309,-0.0458376709753292,-0.00663718065425291,-0.0861703101594402,-0.0307166757863427,-0.232763669831213,5.68250049022035,-58.2161446173805,-29.4352358347928,-225.481886678342,-25.6549777984619,0,"05FC",52.584555,-112.206193
"119","Parkland","18",1,186,"05FC","2014-05-04",-19.38,-161.6,-0.01938,-0.1616,-0.018991667,-0.146666667,-0.013425,-0.1035,-24.8,-191.624,-13.425,-99.14525,"Forestburg",0.661483870967742,277.124193548387,0.170897116308491,-0.000245494957345877,-0.0451418001196297,-0.00675484637291248,-0.0836140524443502,-0.0553506353286012,-0.352464676362697,5.30612469363128,-58.7673034374257,-25.5272778494423,-194.218222795538,-25.6549777984619,1.04415519900351,"05FC",52.584555,-112.206193
"120","Parkland","182",1,198,"05FC","2014-05-14",-13.71,-136.32,-0.01371,-0.13632,-0.019025,-0.147083333,-0.0134,-0.10375,-24.93333333,-192.708,-13.4,-98.942,"Rosalind",0.626354838709677,278.15,0.596413083296111,0.00192823888077533,-0.0359606428358804,-0.0061016205813515,-0.0823753909811876,-0.0388784223676552,-0.276233448287831,5.55908694808137,-60.1049179418045,-28.720776385992,-219.766211087936,-25.5820903778076,0,"05FC",52.73044689,-112.4104907
"121","Parkland","182",2,199,"05FC","2014-06-02",-8.49,-107.36,-0.00849,-0.10736,-0.019025,-0.147083333,-0.0134,-0.10375,-24.93333333,-192.708,-13.4,-98.942,"Rosalind",0.61358064516129,282.953225806452,1.25765192761875,0.00246675735330295,-0.0364184624043292,-0.00604679255913728,-0.0839262401982412,-0.0251926764713717,-0.201670057878636,5.64640391857459,-59.4220307313018,-29.4961532606128,-225.969226084903,-25.5820903778076,0,"05FC",52.73044689,-112.4104907
"122","Parkland","182",4,201,"05FC","2014-07-01",-9.73,-95.29,-0.00973,-0.09529,-0.019025,-0.147083333,-0.0134,-0.10375,-24.93333333,-192.708,-13.4,-98.942,"Rosalind",0.679838709677419,287.162903225806,0.455686315459846,-0.00178450606159478,-0.056980168798644,-0.0074406305883324,-0.0888657360711207,-0.0260032515003062,-0.165237205023356,4.29829312366001,-53.4676079067881,-17.145498016726,-127.163984133808,-25.5820903778076,69.2540614905529,"05FC",52.73044689,-112.4104907
"123","Parkland","182",3,200,"05FC","2014-06-25",-9.71,-90.2,-0.00971,-0.0902,-0.019025,-0.147083333,-0.0134,-0.10375,-24.93333333,-192.708,-13.4,-98.942,"Rosalind",0.675935483870968,286.272580645161,0.323553236759718,-0.00153005832461935,-0.0555377868368313,-0.00734013065675952,-0.0883631977172121,-0.0261610085672105,-0.15220592137473,3.7691258333132,-53.6017881585288,-15.0327770698828,-110.262216559062,-25.5820903778076,86.5969056274836,"05FC",52.73044689,-112.4104907
"124","Parkland","187",1,202,"05FC","2014-05-05",-10.38,-107.86,-0.01038,-0.10786,-0.019125,-0.147583333,-0.01355,-0.10425,-24.93333333,-192.708,-13.55,-100.1615,"Ferintosh",0.70758064516129,276.611290322581,0.969978671699158,-0.00291148299622056,-0.0574230664607604,-0.00777503457141549,-0.0869570222738838,-0.0278091170732151,-0.211395240052864,5.94036058269273,-46.1990571516494,-27.2858718275663,-208.28697462053,-25.5501352945964,0,"05FC",52.622538,-112.632666
"125","Parkland","187",3,204,"05FC","2014-06-10",-7.83,-96.27,-0.00783,-0.09627,-0.019125,-0.147583333,-0.01355,-0.10425,-24.93333333,-192.708,-13.55,-100.1615,"Ferintosh",0.633225806451613,285.117741935484,1.08578543765985,0.000891998446595299,-0.0444733743853272,-0.00663261324927429,-0.086376030198587,-0.0223102924374034,-0.171929446556738,5.2249943765849,-55.3582940313402,-23.5524906615887,-178.41992529271,-25.5501352945964,16.6468509226491,"05FC",52.622538,-112.632666
"126","Parkland","187",4,205,"05FC","2014-06-28",-6.78,-89.5,-0.00678,-0.0895,-0.019125,-0.147583333,-0.01355,-0.10425,-24.93333333,-192.708,-13.55,-100.1615,"Ferintosh",0.698,286.556451612903,1.5,-0.00286433094159741,-0.0611504105958302,-0.00789668316378643,-0.0900227192447297,-0.0155167439464278,-0.146018506561342,6.46905837093359,-45.6397842450702,-36.3435046697373,-280.748037357899,-25.5501352945964,0,"05FC",52.622538,-112.632666
"127","Parkland","187",5,206,"05FC","2014-08-16",-5.7,-76.55,-0.0057,-0.07655,-0.019125,-0.147583333,-0.01355,-0.10425,-24.93333333,-192.708,-13.55,-100.1615,"Ferintosh",0.809258064516129,290.666129032258,1.5,-0.00785018815871365,-0.082428792787596,-0.0100531854898259,-0.0961104184543948,0.00315434941855986,-0.0544328476851571,2.49788564572373,-62.3120518193748,-13.1425934037837,-95.1407472302693,-25.5501352945964,100,"05FC",52.622538,-112.632666
"128","Parkland","187",2,203,"05FC","2014-06-01",-8.52,-100.65,-0.00852,-0.10065,-0.019125,-0.147583333,-0.01355,-0.10425,-24.93333333,-192.708,-13.55,-100.1615,"Ferintosh",0.633096774193548,282.55,1.00203817818824,0.00105469640614138,-0.0423607952645815,-0.00653568794771464,-0.0852724691723133,-0.0244004660269376,-0.18529015425505,5.32982811156029,-55.2398644895064,-24.4328332464127,-185.462665971301,-25.5501352945964,9.31074542706845,"05FC",52.622538,-112.632666
"129","Parkland","190",2,160,"05FA","2014-05-18",-18.09,-151.91,-0.01809,-0.15191,-0.0191,-0.147666667,-0.013425,-0.10375,-25.2,-194.876,-13.425,-99.14525,"Wetaskiwin",0.631967741935484,279.656451612903,0.17973365455477,0.00143545017467759,-0.0390306904849259,-0.00631483657592801,-0.0836359692847659,-0.0502999142192799,-0.313947793291183,5.03068068384335,-60.9049864292737,-23.8792055955268,-181.033644764215,-25.6419525146484,14.4286958389014,"05FA",53.090635,-113.196353
"130","Parkland","190",3,161,"05FA","2014-06-15",-14.24,-131.8,-0.01424,-0.1318,-0.0191,-0.147666667,-0.013425,-0.10375,-25.2,-194.876,-13.425,-99.14525,"Wetaskiwin",0.64658064516129,285.743548387097,0.38477761029323,0.000159495598848353,-0.0479803607574689,-0.00681632117235664,-0.0869872407921172,-0.0395959955798213,-0.26219052622693,5.14239426397032,-58.5723056810627,-23.9964193858094,-181.971355086475,-25.6419525146484,13.4692602501811,"05FA",53.090635,-113.196353
"131","Parkland","190",4,162,"05FA","2014-06-26",-12.31,-121.77,-0.01231,-0.12177,-0.0191,-0.147666667,-0.013425,-0.10375,-25.2,-194.876,-13.425,-99.14525,"Wetaskiwin",0.679516129032258,286.446774193548,0.619719685578009,-0.001758850634417,-0.0564702762969704,-0.00745412065286231,-0.0888024999909673,-0.0338853444678205,-0.240654920445868,5.51022119823782,-53.9391770496925,-25.680665689835,-195.44532551868,-25.6419525146484,0,"05FA",53.090635,-113.196353
"132","Parkland","190",5,163,"05FA","2014-07-26",-11.92,-109.51,-0.01192,-0.10951,-0.0191,-0.147666667,-0.013425,-0.10375,-25.2,-194.876,-13.425,-99.14525,"Wetaskiwin",0.732451612903226,290.217741935484,0.403253029743095,-0.00454697807004956,-0.0692594431481094,-0.00853568212847635,-0.0923653407373763,-0.0314478832926082,-0.205845109602176,4.93320797542053,-50.7061609329872,-19.7946781022138,-148.357424817711,-25.6419525146484,47.8619721687844,"05FA",53.090635,-113.196353
"133","Parkland","190",1,159,"05FA","2014-05-02",-19.96,-161.28,-0.01996,-0.16128,-0.0191,-0.147666667,-0.013425,-0.10375,-25.2,-194.876,-13.425,-99.14525,"Wetaskiwin",0.684548387096774,276.617741935484,0.108951858810962,-0.00154650555818596,-0.0511944318003847,-0.00722673933226321,-0.0852847902330811,-0.0584492995618118,-0.362725354785654,5.2338015261136,-56.8133215387726,-24.1534807315913,-183.227845852731,-25.6419525146484,12.1836585782946,"05FA",53.090635,-113.196353
"134","Parkland","194",2,123,"05CD","2014-06-04",-10.88,-109.98,-0.01088,-0.10998,-0.019216667,-0.14825,-0.0138,-0.1065,-24.5,-189.185,-13.8,-102.194,"Delburne",0.619290322580645,283.791935483871,0.521877621845365,0.00162200266597008,-0.0418236226609436,-0.00651018206599031,-0.0867899838435812,-0.0304142965950803,-0.20313612698585,4.76884982944875,-58.0949138555976,-21.0745122514625,-158.5960980117,-25.7002798716227,38.871082613702,"05CD",52.21950819,-113.442846
"135","Parkland","194",3,124,"05CD","2014-06-19",-9.21,-102.93,-0.00921,-0.10293,-0.019216667,-0.14825,-0.0138,-0.1065,-24.5,-189.185,-13.8,-102.194,"Delburne",0.667451612903226,285.853225806452,0.98292137342615,-0.00144269616592285,-0.0561703197997067,-0.00750021127726333,-0.0900685533271307,-0.0242335318912591,-0.18318627169666,5.34203756330791,-53.7298340419342,-23.976950600268,-181.815604802144,-25.7002798716227,14.4814179997914,"05CD",52.21950819,-113.442846
"136","Parkland","194",4,125,"05CD","2014-06-30",-8.79,-100.66,-0.00879,-0.10066,-0.019216667,-0.14825,-0.0138,-0.1065,-24.5,-189.185,-13.8,-102.194,"Delburne",0.690032258064516,286.682258064516,1.34006739520321,-0.00270959711422348,-0.0618553883696864,-0.00795292375425572,-0.0914719047633203,-0.0218519550598221,-0.175052676893016,5.69537075822927,-50.5976910351647,-26.2939000932772,-200.351200746217,-25.7002798716227,0,"05CD",52.21950819,-113.442846
"137","Parkland","194",1,122,"05CD","2014-05-06",-12.22,-121.24,-0.01222,-0.12124,-0.019216667,-0.14825,-0.0138,-0.1065,-24.5,-189.185,-13.8,-102.194,"Delburne",0.620032258064516,277.485483870968,0.52996430570772,0.00199287419137216,-0.0362932349312267,-0.00627333998106778,-0.0838902608384594,-0.0344746712074328,-0.236103303709321,5.1613120966244,-58.1687661792498,-24.0141813752007,-182.113451001606,-25.7002798716227,14.1685617028443,"05CD",52.21950819,-113.442846
"138","Parkland","194",5,126,"05CD","2014-08-17",-6.31,-86.52,-0.00631,-0.08652,-0.019216667,-0.14825,-0.0138,-0.1065,-24.5,-189.185,-13.8,-102.194,"Delburne",0.758903225806452,291.091935483871,1.5,-0.00611653445273324,-0.0770687628394446,-0.0093517912120692,-0.0959529559228129,-0.00689991101325213,-0.112693835661786,44.3691252982239,193.449180631793,-5.044091083509,-30.352728668072,-25.7002798716227,100,"05CD",52.21950819,-113.442846
"139","Parkland","195",4,130,"05CD","2014-06-29",-8.542825,-93.2607655,-0.00854,-0.09326,-0.019241667,-0.1485,-0.013725,-0.106,-24.66666667,-190.54,-13.725,-101.58425,"Stettler",0.675032258064516,286.782258064516,0.782936780551618,-0.00183383106023087,-0.0580183426048773,-0.00763080426410332,-0.0905330904528097,-0.0219719073600994,-0.156088411773953,4.67754951620574,-53.3137271316029,-19.0563343051838,-142.45067444147,-25.5082085927327,54.7548168800824,"05CD",52.41021521,-113.0443277
"140","Parkland","195",1,127,"05CD","2014-05-06",-17,-149.02,-0.017,-0.14902,-0.019241667,-0.1485,-0.013725,-0.106,-24.66666667,-190.54,-13.725,-101.58425,"Stettler",0.670838709677419,277.156451612903,0.2861831305901,-0.00110100261101143,-0.0503754276200547,-0.0072260036689087,-0.086530004158289,-0.0481897088869352,-0.318099666407597,5.42100816075335,-56.8628612671931,-25.925968531457,-197.407748251656,-25.5082085927327,0,"05CD",52.41021521,-113.0443277
"141","Parkland","195",2,128,"05CD","2014-05-23",-13.42,-124.47,-0.01342,-0.12447,-0.019241667,-0.1485,-0.013725,-0.106,-24.66666667,-190.54,-13.725,-101.58425,"Stettler",0.620032258064516,280.772580645161,0.363107069404308,0.00184552959199548,-0.0388340911516689,-0.00637013051787271,-0.0852551616009801,-0.037336620020143,-0.241141786407421,4.87827236077499,-59.0035849183996,-22.1042938055705,-166.834350444564,-25.5082085927327,28.8878429026674,"05CD",52.41021521,-113.0443277
"142","Parkland","195",3,129,"05CD","2014-06-11",-8.33,-103.62,-0.00833,-0.10362,-0.019241667,-0.1485,-0.013725,-0.106,-24.66666667,-190.54,-13.725,-101.58425,"Stettler",0.630258064516129,285.301612903226,1.25715196193764,0.00089156612201473,-0.0456692923067046,-0.00673784079202015,-0.0877872567556115,-0.0234432141009486,-0.187155528913838,5.52731724409265,-57.5774473567082,-27.3296067581912,-208.636854065529,-25.5082085927327,0,"05CD",52.41021521,-113.0443277
"143","Parkland","200",2,208,"05FC","2014-05-26",-9.51,-105.18,-0.00951,-0.10518,-0.019091667,-0.1475,-0.013525,-0.1045,-24.8,-191.624,-13.525,-99.95825,"Stettler",0.607709677419355,281.733870967742,0.709101849195898,0.00282662724491203,-0.0342672260349273,-0.00598889657528609,-0.0836917374966792,-0.027846289244094,-0.19673013903382,4.99283894440679,-57.6981016386914,-22.5122966103779,-170.098372883023,-25.5679747263591,25.3731174017416,"05FC",52.47788949,-112.6137182
"144","Parkland","200",3,209,"05FC","2014-06-09",-8.4,-100.12,-0.0084,-0.10012,-0.019091667,-0.1475,-0.013525,-0.1045,-24.8,-191.624,-13.525,-99.95825,"Stettler",0.616806451612903,284.914516129032,0.91275823117187,0.00199497965410959,-0.0399166196951052,-0.00628674414685885,-0.0856056891330508,-0.0244723679912242,-0.181676634478916,5.07433842501906,-57.4955572298399,-23.0701861784132,-174.561489427306,-25.5679747263591,20.7406276663424,"05FC",52.47788949,-112.6137182
"145","Parkland","200",4,210,"05FC","2014-06-27",-7.49,-92.17,-0.00749,-0.09217,-0.019091667,-0.1475,-0.013525,-0.1045,-24.8,-191.624,-13.525,-99.95825,"Stettler",0.674806451612903,286.437096774194,1.40066785114963,-0.00160246518375859,-0.0561694782492038,-0.00743077430590049,-0.0890254703146365,-0.0192693875180964,-0.156240918133081,5.43924020112681,-51.4300908935602,-23.9890094028309,-181.912075222647,-25.5679747263591,13.1110905686134,"05FC",52.47788949,-112.6137182
"146","Parkland","200",5,211,"05FC","2014-08-13",-5.19,-80.81,-0.00519,-0.08081,-0.019091667,-0.1475,-0.013525,-0.1045,-24.8,-191.624,-13.525,-99.95825,"Stettler",0.735451612903226,291.104838709677,1.5,-0.00481435319987816,-0.0709609181063261,-0.00868330018225699,-0.0932413530519371,-0.00620057722098212,-0.104795072936679,23.7340328266745,42.3696303704408,-2.05730029465576,-6.45840235724604,-25.5679747263591,100,"05FC",52.47788949,-112.6137182
"147","Parkland","200",1,207,"05FC","2014-05-05",-11.27,-113.52,-0.01127,-0.11352,-0.019091667,-0.1475,-0.013525,-0.1045,-24.8,-191.624,-13.525,-99.95825,"Stettler",0.674838709677419,277.16935483871,0.656020513148192,-0.00112937590837688,-0.0498562153815007,-0.00712044295221121,-0.0853958175721014,-0.0315327815874901,-0.224770184309699,5.49037079777751,-51.6435211090475,-24.562800374835,-186.50240299868,-25.5679747263591,8.34656199455419,"05FC",52.47788949,-112.6137182
"148","Parkland","25",2,190,"05FC","2014-05-30",-17.24,-148.83,-0.01724,-0.14883,-0.019041667,-0.147083333,-0.01345,-0.10425,-24.76666667,-191.353,-13.45,-99.3485,"Fleet",0.619451612903226,282.411290322581,0.231032243385677,0.00205589547720134,-0.0382490249910325,-0.00617497742603267,-0.084292334401,-0.0474037870096767,-0.299633448662641,4.99948659013746,-62.6388511860301,-24.2088073818533,-183.670459054827,-25.7694524129232,12.6681363648335,"05FC",52.148684,-111.823211
"149","Parkland","25",3,191,"05FC","2014-06-18",-13.71,-128.61,-0.01371,-0.12861,-0.019041667,-0.147083333,-0.01345,-0.10425,-24.76666667,-191.353,-13.45,-99.3485,"Fleet",0.665612903225806,285.633870967742,0.430564716235287,-0.000973215250389773,-0.0532045190688904,-0.00716527178291935,-0.0879653011830481,-0.0381392164786585,-0.256852903344867,5.24957087579541,-56.638383292845,-24.228358660984,-183.826869287872,-25.7694524129232,12.5094338634935,"05FC",52.148684,-111.823211
"150","Parkland","25",4,192,"05FC","2014-07-01",-12.82,-118.59,-0.01282,-0.11859,-0.019041667,-0.147083333,-0.01345,-0.10425,-24.76666667,-191.353,-13.45,-99.3485,"Fleet",0.703838709677419,286.553225806452,0.407801330067858,-0.00305975477306703,-0.0623878797222165,-0.00791021386320702,-0.0901329237616238,-0.0352190575589157,-0.233952359682619,5.15032203382594,-52.5628715263515,-21.9543654647923,-165.634923718339,-25.7694524129232,30.9679912731253,"05FC",52.148684,-111.823211
"151","Parkland","25",1,189,"05FC","2014-05-03",-21.58,-172.48,-0.02158,-0.17248,-0.019041667,-0.147083333,-0.01345,-0.10425,-24.76666667,-191.353,-13.45,-99.3485,"Fleet",0.688709677419355,276.443548387097,0.0865324310816728,-0.00179302047745811,-0.0526662248977959,-0.00730108282627297,-0.085598120934181,-0.063756483110835,-0.396177273987082,5.3038389521296,-58.0231554130433,-25.2296336180557,-191.837068944445,-25.7694524129232,4.38184082192811,"05FC",52.148684,-111.823211
"152","Parkland","25",5,193,"05FC","2014-08-19",-10.92,-95.31,-0.01092,-0.09531,-0.019041667,-0.147083333,-0.01345,-0.10425,-24.76666667,-191.353,-13.45,-99.3485,"Fleet",0.750032258064516,291.437096774194,0.254189649583801,-0.00539435742376344,-0.0733810819435484,-0.00888864872906809,-0.09364580629792,-0.0269753156944875,-0.153135960210338,3.60167070587046,-55.9797558918945,-15.0010950703391,-110.008760562713,-25.7694524129232,87.4093829956923,"05FC",52.148684,-111.823211
"153","Parkland","30",1,194,"05FC","2014-05-14",-12.42,-125.99,-0.01242,-0.12599,-0.018933333,-0.146416667,-0.01335,-0.1035,-24.73333333,-191.082,-13.35,-98.5355,"Alliance",0.640096774193548,278.375806451613,0.645509481101208,0.00107114329819043,-0.0400595986228109,-0.00631299453305129,-0.0828370335165725,-0.0354779112444111,-0.253707415460137,5.53898460733704,-57.195811176874,-27.3041003226575,-208.43280258126,-25.5101559956868,0,"05FC",52.3891,-111.8742
"154","Parkland","30",2,195,"05FC","2014-05-29",-9.15,-109.3,-0.00915,-0.1093,-0.018933333,-0.146416667,-0.01335,-0.1035,-24.73333333,-191.082,-13.35,-98.5355,"Alliance",0.606354838709677,282.640322580645,0.985372557031233,0.00303649480225973,-0.0336175525549781,-0.00582945364513538,-0.0829663496722499,-0.027161649694897,-0.206608862364281,5.40255134941082,-59.8666551528909,-26.8981853162114,-205.185482529691,-25.5101559956868,0,"05FC",52.3891,-111.8742
"155","Parkland","30",3,196,"05FC","2014-06-17",-5.52,-90.02,-0.00552,-0.09002,-0.018933333,-0.146416667,-0.01335,-0.1035,-24.73333333,-191.082,-13.35,-98.5355,"Alliance",0.644741935483871,286.108064516129,1.5,0.000326422511593562,-0.0475050382484569,-0.006685533498791,-0.0863932274016275,-0.0157319594896639,-0.155641318304887,6.42592818462566,-54.5488764208664,-41.0075803342654,-318.060642674123,-25.5101559956868,0,"05FC",52.3891,-111.8742
"156","Parkland","30",4,197,"05FC","2014-07-01",-11.65,-103.58,-0.01165,-0.10358,-0.018933333,-0.146416667,-0.01335,-0.1035,-24.73333333,-191.082,-13.35,-98.5355,"Alliance",0.690064516129032,287.233870967742,0.269754862726307,-0.00228074379158842,-0.0590307321483159,-0.00756946367940778,-0.0889645432729732,-0.0317817153190045,-0.18908364796199,4.24721125880785,-54.0999888348885,-17.0806281023232,-126.645024818585,-25.5101559956868,69.320886149434,"05FC",52.3891,-111.8742
"157","Parkland","31",1,144,"05FA","2014-05-13",-16.839388,-150.424803,-0.01684,-0.15042,-0.01915,-0.147916667,-0.013575,-0.10475,-24.86666667,-192.166,-13.575,-100.36475,"Wetaskiwin",0.646032258064516,277.982258064516,0.325389912852476,0.000493723456399707,-0.0427961598208893,-0.0066379717132341,-0.0844008996950993,-0.0472507274698039,-0.314723654101527,5.40281893172962,-59.4365291896731,-26.7353439611799,-203.882751689439,-25.5787156422933,0,"05FA",52.73675,-113.356112
"158","Parkland","31",2,145,"05FA","2014-05-20",-15.07,-140.28,-0.01507,-0.14028,-0.01915,-0.147916667,-0.013575,-0.10475,-24.86666667,-192.166,-13.575,-100.36475,"Wetaskiwin",0.622032258064516,280.282258064516,0.404161660859442,0.00189647861844053,-0.0376576706829227,-0.0062605742165746,-0.0841135813034943,-0.0418797033795978,-0.281222695651156,5.25715236963096,-61.0547137896614,-25.9054542450472,-197.243633960378,-25.5787156422933,0,"05FA",52.73675,-113.356112
"159","Parkland","31",3,146,"05FA","2014-06-05",-12.82,-127.6,-0.01282,-0.1276,-0.01915,-0.147916667,-0.013575,-0.10475,-24.86666667,-192.166,-13.575,-100.36475,"Wetaskiwin",0.622354838709677,284.004838709677,0.555789927993856,0.00163450657431718,-0.0410260896032447,-0.00641108082698207,-0.0858133165012309,-0.0357064322456242,-0.247646054953683,5.24529352872968,-60.3553369616855,-25.5400485298317,-194.320388238654,-25.5787156422933,0.322126195037097,"05FA",52.73675,-113.356112
"160","Parkland","31",4,147,"05FA","2014-06-21",-10.45,-112,-0.01045,-0.112,-0.01915,-0.147916667,-0.013575,-0.10475,-24.86666667,-192.166,-13.575,-100.36475,"Wetaskiwin",0.661612903225806,286.291935483871,0.84224961418765,-0.000905182970078961,-0.0532022690192748,-0.00723206963980083,-0.0886641107940402,-0.028429532525504,-0.210244075472624,5.46421745578007,-54.8989275870983,-25.59325433288,-194.74603466304,-25.5787156422933,0,"05FA",52.73675,-113.356112
"161","Parkland","32",2,149,"05FA","2014-05-21",-17.02,-141.98,-0.01702,-0.14198,-0.019266667,-0.14875,-0.013775,-0.10625,-24.76666667,-191.353,-13.775,-101.99075,"Lacombe",0.657774193548387,280.411290322581,0.168923848970368,-0.000567516392018559,-0.0496087005380728,-0.00712939018799675,-0.0874239432200877,-0.0474516044477123,-0.291781168890306,4.92255244535972,-58.1981573799775,-22.1606237536513,-167.284990029211,-25.6072820027669,29.1292774150383,"05FA",52.592451,-113.600166
"162","Parkland","32",3,150,"05FA","2014-06-06",-16.58,-135.9,-0.01658,-0.1359,-0.019266667,-0.14875,-0.013775,-0.10625,-24.76666667,-191.353,-13.775,-101.99075,"Lacombe",0.669548387096774,284.046774193548,0.136704882162497,-0.00144440820617133,-0.0552132638301537,-0.00748115448946245,-0.0895057170919651,-0.0461291475158216,-0.275295912799732,4.71742586567327,-57.6850791471372,-20.6195127291526,-154.956101833221,-25.6072820027669,42.1539080326851,"05FA",52.592451,-113.600166
"163","Parkland","32",4,151,"05FA","2014-06-21",-11.72,-109.23,-0.01172,-0.10923,-0.019266667,-0.14875,-0.013775,-0.10625,-24.76666667,-191.353,-13.775,-101.99075,"Lacombe",0.71441935483871,285.933870967742,0.434289385818648,-0.00388812443695247,-0.0663452547371992,-0.00838898695463106,-0.0923946464148329,-0.030648069052399,-0.202007021920632,4.90155766358393,-51.7837441827964,-19.9402594834993,-149.522075867995,-25.6072820027669,47.8945863354374,"05FA",52.592451,-113.600166
"164","Parkland","32",1,148,"05FA","2014-05-13",-17.81,-146.38,-0.01781,-0.14638,-0.019266667,-0.14875,-0.013775,-0.10625,-24.76666667,-191.353,-13.775,-101.99075,"Lacombe",0.677516129032258,277.875806451613,0.143098658906345,-0.00157288310608706,-0.052927022328114,-0.00742535029647667,-0.0874836637181626,-0.0506626136479122,-0.312065128133824,5.04328605052565,-56.5590754401382,-22.5111649545845,-170.089319636676,-25.6072820027669,26.1666941969302,"05FA",52.592451,-113.600166
"165","Parkland","35",2,153,"05FA","2014-05-19",-12.453297,-133.703704,-0.01245,-0.1337,-0.019083333,-0.147666667,-0.013425,-0.10375,-25.1,-194.063,-13.425,-99.14525,"Wetaskiwin",0.623516129032258,280.040322580645,0.890779862506005,0.00196585935588587,-0.036817914059974,-0.00616042324537823,-0.0833535918646679,-0.0353749779551666,-0.267592642511379,5.8404698479199,-60.9861503933972,-32.8711087108565,-252.968869686852,-25.6147391001383,0,"05FA",53.070518,-113.428661
"166","Parkland","35",1,152,"05FA","2014-05-02",-18.44,-159.23,-0.01844,-0.15923,-0.019083333,-0.147666667,-0.013425,-0.10375,-25.1,-194.063,-13.425,-99.14525,"Wetaskiwin",0.684548387096774,276.617741935484,0.256006401162743,-0.00154650555818596,-0.0511944318003847,-0.00722134596420044,-0.0852847902330811,-0.0537520788816838,-0.356924064002817,5.59848273632397,-55.9939783421859,-27.4801182320748,-209.840945856598,-25.6147391001383,0,"05FA",53.070518,-113.428661
"167","Parkland","56",1,154,"05FA","2014-05-03",-17.61,-151.74,-0.01761,-0.15174,-0.019041667,-0.147166667,-0.013375,-0.1035,-25.03333333,-193.521,-13.375,-98.73875,"Camrose",0.74141935483871,276.675806451613,0.267450633486933,-0.00441297697109461,-0.0643025316831047,-0.00829330597568119,-0.0883032645882241,-0.0541652425563041,-0.366186238110774,5.86636069451526,-48.4333881695863,-27.386722778952,-209.093782231616,-25.5027205149333,0,"05FA",52.949319,-112.634567
"168","Parkland","56",2,155,"05FA","2014-06-14",-8.82,-103.28,-0.00882,-0.10328,-0.019041667,-0.147166667,-0.013375,-0.1035,-25.03333333,-193.521,-13.375,-98.73875,"Camrose",0.708870967741935,285.65,1.5,-0.00319854207152576,-0.0621736087448144,-0.00792559149586475,-0.0895725014651186,-0.0220393563398118,-0.189688174471164,6.53648878583709,-45.6281689089169,-38.0100735618447,-294.080588494757,-25.5027205149333,0,"05FA",52.949319,-112.634567
"169","Parkland","56",3,156,"05FA","2014-06-24",-8.59,-92.91,-0.00859,-0.09291,-0.019041667,-0.147166667,-0.013375,-0.1035,-25.03333333,-193.521,-13.375,-98.73875,"Camrose",0.759870967741935,286.301612903226,1.5,-0.00558369702170456,-0.0722963989944027,-0.00889547007819478,-0.0921884955794531,-0.017800335824376,-0.149882279660667,6.1856897236998,-39.7749252734187,-27.4346267689788,-209.47701415183,-25.5027205149333,0,"05FA",52.949319,-112.634567
"170","Parkland","56",4,157,"05FA","2014-07-02",-7.76,-89.07,-0.00776,-0.08907,-0.019041667,-0.147166667,-0.013375,-0.1035,-25.03333333,-193.521,-13.375,-98.73875,"Camrose",0.771935483870968,287.491935483871,1.5,-0.00612909986716764,-0.0748302915783595,-0.00914666837719023,-0.0930580245982158,-0.0131079331172486,-0.13134027519291,7.90403961047608,-27.7346526227056,-393.231549078915,-3135.85239263132,-25.5027205149333,0,"05FA",52.949319,-112.634567
"171","Parkland","56",5,158,"05FA","2014-08-24",-3.98,-69.75,-0.00398,-0.06975,-0.019041667,-0.147166667,-0.013375,-0.1035,-25.03333333,-193.521,-13.375,-98.73875,"Camrose",0.846322580645161,290.624193548387,1.5,-0.00898820956124537,-0.0867598118403177,-0.0105708623487573,-0.0969801063476441,0.0228253518627351,0.0137763556248127,3.11603280018613,-57.3481894552592,-13.7896481896573,-100.317185517259,-25.5027205149333,96.5809882479834,"05FA",52.949319,-112.634567
"172","Parkland","67",3,111,"05CD","2014-06-10",-7.02,-98.41,-0.00702,-0.09841,-0.0191,-0.147583333,-0.01355,-0.10475,-24.8,-191.624,-13.55,-100.1615,"Stettler",0.619387096774194,285.13064516129,1.5,0.00178462000347503,-0.0411195781689988,-0.00636234597024275,-0.0860169256986582,-0.0207858858315529,-0.176970664248218,5.706909472411,-58.3474955036748,-29.8058426744873,-228.446741395898,-25.5896663665771,0,"05CD",52.466096,-112.697768
"173","Parkland","67",1,109,"05CD","2014-05-05",-18.8,-159.81,-0.0188,-0.15981,-0.0191,-0.147583333,-0.01355,-0.10475,-24.8,-191.624,-13.55,-100.1615,"Stettler",0.674838709677419,277.16935483871,0.214733490008608,-0.00115469004771369,-0.0501214704860843,-0.007140093273735,-0.0855948581270151,-0.0540584868915611,-0.351486778221839,5.43633023196226,-57.6069916391094,-26.3711779426477,-200.969423541181,-25.5896663665771,0,"05CD",52.466096,-112.697768
"174","Parkland","67",2,110,"05CD","2014-05-25",-10.25,-123.97,-0.01025,-0.12397,-0.0191,-0.147583333,-0.01355,-0.10475,-24.8,-191.624,-13.55,-100.1615,"Stettler",0.606935483870968,281.411290322581,1.30290184192641,0.00287771948791998,-0.0339820747768629,-0.00597944370211928,-0.0836856934852173,-0.0296967437156113,-0.239656063832305,5.94886555425912,-62.994128068844,-35.5871982065409,-274.697585652327,-25.5896663665771,0,"05CD",52.466096,-112.697768
"175","Parkland","89",2,113,"05CD","2014-05-27",-12.03,-128.38,-0.01203,-0.12838,-0.019091667,-0.147583333,-0.013625,-0.105,-24.66666667,-190.54,-13.625,-100.77125,"Stettler",0.602870967741935,282.085483870968,0.756063695131784,0.00304035156710912,-0.0335959286684366,-0.00597060318382862,-0.0839410839403057,-0.0339742944848435,-0.248198311056949,5.46011224647506,-62.6948496749051,-28.6212843752708,-218.970275002166,-25.5223541259766,0,"05CD",52.3468,-112.92836
"176","Parkland","89",3,114,"05CD","2014-06-13",-12.05,-122.44,-0.01205,-0.12244,-0.019091667,-0.147583333,-0.013625,-0.105,-24.66666667,-190.54,-13.625,-100.77125,"Stettler",0.640870967741936,285.562903225806,0.63665292159972,0.000314201991665226,-0.047678419044461,-0.00682831159593339,-0.0874109990410933,-0.0332787455182059,-0.235661412174438,5.33340098110548,-58.172518177679,-25.5653428560627,-194.522742848502,-25.5223541259766,0,"05CD",52.3468,-112.92836
"177","Parkland","89",4,115,"05CD","2014-06-28",-9.96,-110.28,-0.00996,-0.11028,-0.019091667,-0.147583333,-0.013625,-0.105,-24.66666667,-190.54,-13.625,-100.77125,"Stettler",0.672741935483871,286.662903225806,1.08334618173061,-0.00160074694962545,-0.0563587749629585,-0.00746650632886929,-0.0893761746248384,-0.02652693592736,-0.205339008815205,5.73787508034101,-53.1307641998035,-27.9077267798811,-213.261814239049,-25.5223541259766,0,"05CD",52.3468,-112.92836
"178","Parkland","89",1,112,"05CD","2014-05-10",-16.07,-144.2,-0.01607,-0.1442,-0.019091667,-0.147583333,-0.013625,-0.105,-24.66666667,-190.54,-13.625,-100.77125,"Stettler",0.65658064516129,277.26935483871,0.337821942381393,-0.000162125745988575,-0.0454862435722403,-0.00683025069639371,-0.0847279783309189,-0.0453215617485547,-0.302314522947075,5.40533610841777,-57.3362487377265,-25.951819407586,-197.614555260688,-25.5223541259766,0,"05CD",52.3468,-112.92836
"179","Parkland","89",5,116,"05CD","2014-08-11",-7.28,-92.66,-0.00728,-0.09266,-0.019091667,-0.147583333,-0.013625,-0.105,-24.66666667,-190.54,-13.625,-100.77125,"Stettler",0.736258064516129,290.940322580645,1.5,-0.00494611407419943,-0.0715544010239366,-0.00876772754141155,-0.0936228873290153,-0.0135849016359036,-0.144266055402149,8.18506907519003,-33.0726971326166,232.738490146931,1871.90792117545,-25.5223541259766,100,"05CD",52.3468,-112.92836
"180","Parkland","90",1,117,"05CD","2014-05-10",-20.34,-166.4,-0.02034,-0.1664,-0.019125,-0.14775,-0.013625,-0.10525,-24.7,-190.811,-13.625,-100.77125,"Stettler",0.65658064516129,277.26935483871,0.132071834166036,-0.000162125745988575,-0.0457528675265498,-0.00684199258733493,-0.0849561831264621,-0.0574432813857546,-0.359646255499681,5.20833328703578,-60.4625009416922,-25.2402984261952,-191.922387409561,-25.5535507202148,2.62607169443299,"05CD",52.34691,-112.87225
"181","Parkland","90",2,118,"05CD","2014-05-27",-16.97,-153.34,-0.01697,-0.15334,-0.019125,-0.14775,-0.013625,-0.10525,-24.7,-190.811,-13.625,-100.77125,"Stettler",0.602870967741935,282.085483870968,0.336050939502067,0.00304035156710912,-0.0338658739397583,-0.00598417456927646,-0.0841654139909248,-0.046107545038581,-0.304369469386974,5.18332856069365,-65.3789143250287,-26.7616993849989,-204.093595079991,-25.5535507202148,0,"05CD",52.34691,-112.87225
"182","Parkland","90",3,119,"05CD","2014-06-11",-15.19,-138.58,-0.01519,-0.13858,-0.019125,-0.14775,-0.013625,-0.10525,-24.7,-190.811,-13.625,-100.77125,"Stettler",0.630258064516129,285.301612903226,0.350996272880611,0.000993048119036049,-0.0448686792968948,-0.00663060449979879,-0.0870073740995612,-0.0417123789313903,-0.273664195719905,5.09321566022979,-61.2140541211096,-24.4992561528452,-185.994049222762,-25.5535507202148,8.83841291451252,"05CD",52.34691,-112.87225
"183","Parkland","90",4,120,"05CD","2014-06-29",-11.5,-118.52,-0.0115,-0.11852,-0.019125,-0.14775,-0.013625,-0.10525,-24.7,-190.811,-13.625,-100.77125,"Stettler",0.675032258064516,286.782258064516,0.773147031002359,-0.00173262539558969,-0.0572280895365929,-0.00752444982927144,-0.0897573023976898,-0.0310632516890252,-0.227790496158338,5.5854976409488,-54.2867771290887,-26.6252699601217,-203.002159680973,-25.5535507202148,0,"05CD",52.34691,-112.87225
"184","Parkland","90",5,121,"05CD","2014-08-12",-6.2,-88.41,-0.0062,-0.08841,-0.019125,-0.14775,-0.013625,-0.10525,-24.7,-190.811,-13.625,-100.77125,"Stettler",0.735677419354839,290.998387096774,1.5,-0.00492186155974904,-0.0717344515353131,-0.00876746003492355,-0.093846205970037,-0.00964247327464396,-0.129061470349434,11.8087976597693,-15.1954545094301,6.61506773530099,62.920541882408,-25.5535507202148,100,"05CD",52.34691,-112.87225
"185","Parkland","BATL",1,164,"05FA","2014-05-09",-20.3,-165.17,-0.0203,-0.16517,-0.019566667,-0.150916667,-0.013975,-0.1075,-25.13333333,-194.334,-13.975,-103.61675,"Battle River Headwaters",0.622967741935484,276.640322580645,0.122658226181576,0.0016745434242988,-0.0374994514454504,-0.00654081588911542,-0.0854000025178484,-0.0551417056338862,-0.339793220539954,5.01190218340285,-63.4283856769222,-24.5736218101931,-186.588974481545,-25.9076983133952,11.1800069704645,"05FA",52.92778,-114.197366
"186","Parkland","BATL",2,165,"05FA","2014-05-20",-19.03,-157.66,-0.01903,-0.15766,-0.019566667,-0.150916667,-0.013975,-0.1075,-25.13333333,-194.334,-13.975,-103.61675,"Battle River Headwaters",0.590225806451613,279.508064516129,0.154647212308502,0.00379399761146023,-0.0294265968322972,-0.00602267400538233,-0.0849782045840116,-0.0505201094611756,-0.309870057952587,4.83358300612604,-65.6769153934215,-23.8998576434604,-181.198861147683,-25.9076983133952,16.8263758724283,"05FA",52.92778,-114.197366
"187","Parkland","BATL",4,167,"05FA","2014-06-21",-15.61,-131.01,-0.01561,-0.13101,-0.019566667,-0.150916667,-0.013975,-0.1075,-25.13333333,-194.334,-13.975,-103.61675,"Battle River Headwaters",0.704064516129032,284.601612903226,0.186438192054961,-0.00351913541180599,-0.0647701242366344,-0.00838672220108777,-0.0930351156023783,-0.0433804752927635,-0.266657194225435,4.88458309753102,-54.7616578475407,-20.7874772060898,-156.299817648718,-25.9076983133952,42.9091641540759,"05FA",52.92778,-114.197366
"188","Parkland","BATL",3,166,"05FA","2014-06-05",-17.6,-146.31,-0.0176,-0.14631,-0.019566667,-0.150916667,-0.013975,-0.1075,-25.13333333,-194.334,-13.975,-103.61675,"Battle River Headwaters",0.629645161290323,282.791935483871,0.161393140903359,0.0008297797557563,-0.045051802528905,-0.00691411609632259,-0.0886183767802241,-0.0477119399017576,-0.291104780897758,4.80855040791663,-61.6795128206673,-22.4598605594379,-169.678884475503,-25.9076983133952,28.8940327108318,"05FA",52.92778,-114.197366
"189","Parkland","GAD_1",1,131,"05CD","2014-05-06",-19.45,-161.05,-0.01945,-0.16105,-0.019258333,-0.148833333,-0.013725,-0.106,-24.86666667,-192.166,-13.725,-101.58425,"Prentiss",0.624161290322581,276.772580645161,0.154583851943052,0.00183872888590852,-0.0363921483433325,-0.00629493019406068,-0.083721573383926,-0.0533799158055581,-0.332543570107045,5.05434705732316,-62.7429497350646,-24.6950170813266,-187.560136650613,-25.5866069793701,7.5166029324204,"05CD",52.509206,-113.224366
"190","Parkland","GAD_1",2,132,"05CD","2014-05-23",-15.12,-140.96,-0.01512,-0.14096,-0.019258333,-0.148833333,-0.013725,-0.106,-24.86666667,-192.166,-13.725,-101.58425,"Prentiss",0.568225806451613,280.746774193548,0.375135435001869,0.00565719573021636,-0.0211587212910317,-0.00537354923048129,-0.0825734381252295,-0.0412729816054034,-0.270212735212469,4.94217971635649,-66.2342426886899,-24.9309101311389,-189.447281049111,-25.5866069793701,5.52789221031867,"05CD",52.509206,-113.224366
"191","Parkland","GAD_1",3,133,"05CD","2014-06-19",-12.91,-103.65,-0.01291,-0.10365,-0.019258333,-0.148833333,-0.013725,-0.106,-24.86666667,-192.166,-13.725,-101.58425,"Prentiss",0.634096774193548,285.459677419355,0.106587115606655,0.000639486003119793,-0.0468461426419033,-0.00682231310281861,-0.088177065770094,-0.0354919102255484,-0.187013972803503,3.69162626061582,-55.9911049754498,-15.3169406758296,-112.535525406637,-25.5866069793701,86.5790471847674,"05CD",52.509206,-113.224366
"192","Parkland","JJCOL",1,168,"05FA","2014-05-13",-17.94,-145.17,-0.01794,-0.14517,-0.019316667,-0.149083333,-0.013825,-0.1065,-24.76666667,-191.353,-13.825,-102.39725,"Lacombe",0.677516129032258,277.875806451613,0.115305896097938,-0.00162350173352471,-0.0531919378463439,-0.00747576430421264,-0.0877732526335231,-0.0509532262480844,-0.308240213417222,4.93954187306017,-56.5546187973004,-21.7466196356194,-163.972957084955,-25.7521286010742,33.583179149205,"05FA",52.557523,-113.631082
"193","Parkland","JJCOL",2,169,"05FA","2014-05-21",-16.5,-141.04,-0.0165,-0.14104,-0.019316667,-0.149083333,-0.013825,-0.1065,-24.76666667,-191.353,-13.825,-102.39725,"Lacombe",0.657774193548387,280.411290322581,0.218441734044912,-0.000618185989909912,-0.049874544258202,-0.0071798248117468,-0.0877155292243164,-0.0458760561252123,-0.288885617763207,5.03286135936802,-57.9977875704276,-22.916956639392,-173.335653115136,-25.7521286010742,23.7707838702005,"05FA",52.557523,-113.631082
"194","Parkland","JJCOL",3,170,"05FA","2014-06-06",-14.96,-132.55,-0.01496,-0.13255,-0.019316667,-0.149083333,-0.013825,-0.1065,-24.76666667,-191.353,-13.825,-102.39725,"Lacombe",0.669548387096774,284.046774193548,0.296439639135473,-0.00149503334707699,-0.0554775398402711,-0.0075315678829638,-0.0897953107868225,-0.0412475935967743,-0.26570182204261,5.06519630838132,-56.7746632266154,-22.7526847595677,-172.021478076542,-25.7521286010742,25.1480799933387,"05FA",52.557523,-113.631082
"195","Parkland","JJCOL",5,172,"05FA","2014-08-02",-11.16,-103.72,-0.01116,-0.10372,-0.019316667,-0.149083333,-0.013825,-0.1065,-24.76666667,-191.353,-13.825,-102.39725,"Lacombe",0.768806451612903,291.06935483871,0.538890601688462,-0.00655462500141243,-0.0786822956581315,-0.00957693100225359,-0.0965927716075629,-0.026001361743113,-0.17709846077308,4.94418652703015,-48.5428783583436,-19.1578703596223,-143.262962876978,-25.7521286010742,55.2878941949029,"05FA",52.557523,-113.631082
"196","Parkland","JJCOL",4,171,"05FA","2014-06-22",-12.85,-121.41,-0.01285,-0.12141,-0.019316667,-0.149083333,-0.013825,-0.1065,-24.76666667,-191.353,-13.825,-102.39725,"Lacombe",0.718935483870968,285.866129032258,0.544568546044467,-0.00415557118883413,-0.0674881369767462,-0.00852265237362758,-0.0928757771412811,-0.0343398207256747,-0.240791561588367,5.55526093550599,-50.024896978748,-24.5526804273369,-186.421443418695,-25.7521286010742,10.0564705375047,"05FA",52.557523,-113.631082
"197","Parkland","MIQ_2",1,173,"05FA","2014-05-02",-16.53,-141.99,-0.01653,-0.14199,-0.019208333,-0.1485,-0.01345,-0.10375,-25.43333333,-196.773,-13.45,-99.3485,"New Sarepta",0.686870967741935,276.385483870968,0.235894162590657,-0.00168855469869416,-0.051626828758313,-0.00731628051663815,-0.0856176756511042,-0.0478917351238609,-0.30915989315202,5.33037768770748,-53.8788568221954,-23.9280502444332,-181.424401955465,-25.7411562601725,14.7513055514101,"05FA",53.234073,-112.874891
"198","Parkland","MIQ_2",3,175,"05FA","2014-06-14",-11.51,-116.05,-0.01151,-0.11605,-0.019208333,-0.1485,-0.01345,-0.10375,-25.43333333,-196.773,-13.45,-99.3485,"New Sarepta",0.668806451612903,285.359677419355,0.639847168735164,-0.00113987151622548,-0.0532656801680528,-0.0072729584790493,-0.0882030998108804,-0.0316909248808108,-0.22440659602371,5.36925818136023,-54.2498383325437,-24.4227076474438,-185.381661179551,-25.7411562601725,10.7268070214105,"05FA",53.234073,-112.874891
"199","Parkland","MIQ_2",4,176,"05FA","2014-06-25",-10.99,-110.38,-0.01099,-0.11038,-0.019208333,-0.1485,-0.01345,-0.10375,-25.43333333,-196.773,-13.45,-99.3485,"New Sarepta",0.702838709677419,286.153225806452,0.702271765740498,-0.00299246418010611,-0.0614357505509226,-0.00793073641578423,-0.0900666622375073,-0.0292540766527513,-0.210271190713627,5.46927132495249,-50.2727081387721,-23.8163453605475,-180.53076288438,-25.7411562601725,15.6601287859472,"05FA",53.234073,-112.874891
"200","Parkland","MIQ_2",5,177,"05FA","2014-07-24",-9.62,-101.61,-0.00962,-0.10161,-0.019208333,-0.1485,-0.01345,-0.10375,-25.43333333,-196.773,-13.45,-99.3485,"New Sarepta",0.731838709677419,290.498387096774,1.16183137808912,-0.00455385120120476,-0.0692697877134166,-0.00857946109260639,-0.09266435289486,-0.0229962207712188,-0.178796161253012,5.77040126454034,-46.0987398351219,-25.1609130122495,-191.287304097996,-25.7411562601725,4.72081906405509,"05FA",53.234073,-112.874891
"201","Parkland","MIQ_2",2,174,"05FA","2014-05-17",-14.23,-130.26,-0.01423,-0.13026,-0.019208333,-0.1485,-0.01345,-0.10375,-25.43333333,-196.773,-13.45,-99.3485,"New Sarepta",0.647193548387097,278.824193548387,0.360720005944748,0.000496888019387695,-0.0427638259707578,-0.00663301869596193,-0.0844280653778704,-0.0402044275707669,-0.264813017692459,5.18021108745792,-56.5455962254738,-23.5994956677385,-178.795965341908,-25.7411562601725,17.4244029373683,"05FA",53.234073,-112.874891
"202","Parkland","TOL_3",1,139,"05CD","2014-05-10",-12.212206,-119.720238,-0.01221,-0.11972,-0.019,-0.146916667,-0.01355,-0.105,-24.36666667,-188.101,-13.55,-100.1615,"Delburne",0.621,277.46935483871,0.485922590566294,0.00218217462060924,-0.0349708355586652,-0.00605236203501953,-0.0824430368978923,-0.0348396480675754,-0.234820756348079,5.08628132458672,-57.6165050267962,-23.2062572125998,-175.650057700798,-25.5612157185872,19.6063292939045,"05CD",52.186403,-113.020058
"203","Parkland","TOL_3",2,140,"05CD","2014-06-07",-8.87,-104.36,-0.00887,-0.10436,-0.019,-0.146916667,-0.01355,-0.105,-24.36666667,-188.101,-13.55,-100.1615,"Delburne",0.619064516129032,284.475806451613,0.926283775205651,0.00184731797902264,-0.0407371025036719,-0.00629251401183643,-0.0855881815598798,-0.0256013242094018,-0.191356701637254,5.19963037882968,-58.2392785397808,-24.3679541528744,-184.943633222996,-25.5612157185872,9.93456111079812,"05CD",52.186403,-113.020058
"204","Parkland","TOL_3",3,141,"05CD","2014-06-23",-8.84,-95.8,-0.00884,-0.0958,-0.019,-0.146916667,-0.01355,-0.105,-24.36666667,-188.101,-13.55,-100.1615,"Delburne",0.681129032258065,285.833870967742,0.79787677766612,-0.00194380293858447,-0.0577787068331643,-0.00751762626176982,-0.0892450399388674,-0.0230465342656762,-0.165485585305849,4.90517842020157,-52.4382227654181,-20.175063781701,-151.400510253608,-25.5612157185872,44.8426875603543,"05CD",52.186403,-113.020058
"205","Parkland","TOL_3",4,142,"05CD","2014-07-14",-6.44,-87.63,-0.00644,-0.08763,-0.019,-0.146916667,-0.01355,-0.105,-24.36666667,-188.101,-13.55,-100.1615,"Delburne",0.70441935483871,289.427419354839,1.5,-0.00330755309769075,-0.0648043855808108,-0.0080595330599403,-0.0915612696138406,-0.0136518216087728,-0.134852275777618,6.54789848381357,-45.4615337642406,-38.1939782763234,-295.551826210587,-25.5612157185872,0,"05CD",52.186403,-113.020058
"206","Parkland","TOL_3",5,143,"05CD","2014-08-18",-6.79,-85.49,-0.00679,-0.08549,-0.019,-0.146916667,-0.01355,-0.105,-24.36666667,-188.101,-13.55,-100.1615,"Delburne",0.757064516129032,291.224193548387,1.5,-0.00579050465827732,-0.075261835168377,-0.00907761012069166,-0.0944138475820094,-0.00980705636661891,-0.113529220084773,9.29356852427506,-22.3866697201723,25.0366865862961,210.293492690369,-25.5612157185872,100,"05CD",52.186403,-113.020058
